Supplier,Brand,Product Name,Model,SN/SKU,Sale Price,Source
Hirschs,LG,"OLED EVO AI 4K 120Hz Smart TV 65""",OLED65S85,85866,27999,Hirschs 47th Anniversary Sale Feb-Mar 2026
Hirschs,Samsung,"4K QLED AI TV 85""",QA85Q7FAALXXA,85316,19999,Hirschs 47th Anniversary Sale Feb-Mar 2026
Hirschs,Samsung,12000BTU Non Inverter Aircon,,H2219,6999,Hirschs 47th Anniversary Sale Feb-Mar 2026
Hirschs,Samsung,12000BTU R32 Inverter Aircon,,H3319,8999,Hirschs 47th Anniversary Sale Feb-Mar 2026
Hirschs,Samsung,60W Black Side by Side Food Showcase Bespoke Fridge,,,29999,Hirschs 47th Anniversary Sale Feb-Mar 2026
Hirschs,Smeg,90cm Cooker with Gas Hob,,,24999,Hirschs 47th Anniversary Sale Feb-Mar 2026
Hirschs,Hisense,12kg Wash Block 2 in 1 Washer Dryer,,85454,8499,Hirschs 47th Anniversary Sale Feb-Mar 2026
Hirschs,LG,14Pl Matte Black QuadWash Steam Dishwasher,,86029,16999,Hirschs 47th Anniversary Sale Feb-Mar 2026
Hirschs,Russell Hobbs,11L Dual Stack Digital Air Fryer,,87593,1999,Hirschs 47th Anniversary Sale Feb-Mar 2026
Hirschs,DeLonghi,PrimaDonna Aromatic Bean-to-Cup Coffee Machine,,86697,27999,Hirschs 47th Anniversary Sale Feb-Mar 2026
Hirschs,Miele,Guard L1 Bagged Cylinder Vacuum Cleaner,,85339,9499,Hirschs 47th Anniversary Sale Feb-Mar 2026
Hirschs,Cloud Nine,152cm Spine-Flex ET Base Set,,83958,9999,Hirschs 47th Anniversary Sale Feb-Mar 2026
Hirschs,Hisense,116UX RGB MiniLED,116UX,,299999,Hirschs 47th Anniversary Sale Feb-Mar 2026
Hirschs,Hisense,100UX RGB MiniLED,100UX,,149999,Hirschs 47th Anniversary Sale Feb-Mar 2026
Hirschs,Hisense,100Q7Q,100Q7Q,,34999,Hirschs 47th Anniversary Sale Feb-Mar 2026
Hirschs,Hisense,85U8Q,85U8Q,,39999,Hirschs 47th Anniversary Sale Feb-Mar 2026
Hirschs,Hisense,75U8Q,75U8Q,,27999,Hirschs 47th Anniversary Sale Feb-Mar 2026
Hirschs,Hisense,65U8Q,65U8Q,,19999,Hirschs 47th Anniversary Sale Feb-Mar 2026
Hirschs,Hisense,85U7Q,85U7Q,,27999,Hirschs 47th Anniversary Sale Feb-Mar 2026
Hirschs,Hisense,75U7Q PRO,75U7QPRO,,19999,Hirschs 47th Anniversary Sale Feb-Mar 2026
Hirschs,Hisense,65U7Q PRO,65U7QPRO,,14999,Hirschs 47th Anniversary Sale Feb-Mar 2026
Hirschs,Hisense,85U7Q,85U7Q,,24999,Hirschs 47th Anniversary Sale Feb-Mar 2026
Hirschs,Hisense,75U7Q,75U7Q,,16999,Hirschs 47th Anniversary Sale Feb-Mar 2026
Hirschs,Hisense,65U7Q,65U7Q,,9999,Hirschs 47th Anniversary Sale Feb-Mar 2026
Hirschs,Hisense,55U7Q,55U7Q,,8999,Hirschs 47th Anniversary Sale Feb-Mar 2026
Hirschs,Hisense,85Q7Q 4K Premium QLED 144Hz,85Q7Q,,17999,Hirschs 47th Anniversary Sale Feb-Mar 2026
Hirschs,Hisense,75Q7Q,75Q7Q,,12999,Hirschs 47th Anniversary Sale Feb-Mar 2026
Hirschs,Hisense,65Q7Q,65Q7Q,,9999,Hirschs 47th Anniversary Sale Feb-Mar 2026
Hirschs,Hisense,55Q7Q,55Q7Q,,7999,Hirschs 47th Anniversary Sale Feb-Mar 2026
Hirschs,Hisense,"98"" 4K QLED 144Hz",98Q6Q,,29999,Hirschs 47th Anniversary Sale Feb-Mar 2026
Hirschs,Hisense,Q6 LED 4K QLED 60Hz,85Q6Q,,16999,Hirschs 47th Anniversary Sale Feb-Mar 2026
Hirschs,Hisense,A6 UHD 4K,85A6Q,,14999,Hirschs 47th Anniversary Sale Feb-Mar 2026
Hirschs,Hisense,75Q6Q,75Q6Q,,11999,Hirschs 47th Anniversary Sale Feb-Mar 2026
Hirschs,Hisense,58Q6Q,58Q6Q,,6999,Hirschs 47th Anniversary Sale Feb-Mar 2026
Hirschs,Hisense,43Q6Q,43Q6Q,,4499,Hirschs 47th Anniversary Sale Feb-Mar 2026
Hirschs,Hisense,"A4 Smart TV 43""",43A4Q,,3699,Hirschs 47th Anniversary Sale Feb-Mar 2026
Hirschs,Samsung,Bespoke AI 17KG Dryer Heat Pump,DV6P17C08RA,86512,19999,Hirschs 47th Anniversary Sale Feb-Mar 2026
Hirschs,Samsung,Bespoke AI 20kg Front Loader,WW20C7472FA,,17999,Hirschs 47th Anniversary Sale Feb-Mar 2026
Hirschs,Samsung,9kg Front Loader Eco Bubble DIT,WW90CGS35AMFA,86500,7499,Hirschs 47th Anniversary Sale Feb-Mar 2026
Hirschs,Samsung,9kg Dryer Heat Pump Technology,DV90CGS25C0MFA,,9999,Hirschs 47th Anniversary Sale Feb-Mar 2026
Hirschs,Samsung,9kg Bespoke AI Dryer,DV90BB9445GKFA,,13999,Hirschs 47th Anniversary Sale Feb-Mar 2026
Hirschs,Samsung,AI Mirror finish AirDresser JetSteam,DF24CB9900CFA,,24999,Hirschs 47th Anniversary Sale Feb-Mar 2026
Hirschs,Samsung,60cm Dual Cook Multifunction Black Oven,NV7B4023ZAAFA,87044,11999,Hirschs 47th Anniversary Sale Feb-Mar 2026
Hirschs,Samsung,60cm Gas on Glass Hob,NA60G5530GMUFA,87041,4699,Hirschs 47th Anniversary Sale Feb-Mar 2026
Hirschs,Samsung,60cm Series 4 Multifunction Smart Oven Stainless Steel,NV7B41403AEFA,87045,9499,Hirschs 47th Anniversary Sale Feb-Mar 2026
Hirschs,Samsung,60cm Inox Gas Hob,NA60G1010GKUFA,87045,3499,Hirschs 47th Anniversary Sale Feb-Mar 2026
Hirschs,Samsung,95L 90cm 5 Gas Burner Triple Flame Wok Plate,N990T5010SS,74397,13999,Hirschs 47th Anniversary Sale Feb-Mar 2026
Hirschs,Samsung,90cm Inox and Curved Glass Hood,NK60C5010RSFA,87042,5499,Hirschs 47th Anniversary Sale Feb-Mar 2026
Hirschs,Samsung,60cm Inox and Black Glass T Shaped Hood,NK24C5010BSFA,87039,4699,Hirschs 47th Anniversary Sale Feb-Mar 2026
Hirschs,Samsung,32L Black Solo Microwave,MS32DG4504AGFA,,2399,Hirschs 47th Anniversary Sale Feb-Mar 2026
Hirschs,Samsung,40L Black Solo Microwave Oven,,84860,2499,Hirschs 47th Anniversary Sale Feb-Mar 2026
Hirschs,Samsung,32L Silver Solo Microwave Oven,MS32DG4504ATFA,,2399,Hirschs 47th Anniversary Sale Feb-Mar 2026
Hirschs,Samsung,40L Black Silver Solo Microwave,,,2499,Hirschs 47th Anniversary Sale Feb-Mar 2026
Hirschs,Samsung,40L Black Stainless Steel Grill Microwave,MG40DGS524AGFA,,2799,Hirschs 47th Anniversary Sale Feb-Mar 2026
Hirschs,LG,OLED77G5 OLED evo AI,OLED77G5,85862,79999,Hirschs 47th Anniversary Sale Feb-Mar 2026
Hirschs,LG,OLED65G5 OLED evo AI,OLED65G5,85864,49999,Hirschs 47th Anniversary Sale Feb-Mar 2026
Hirschs,LG,OLED83C5 OLED evo AI,OLED83C5,85861,119999,Hirschs 47th Anniversary Sale Feb-Mar 2026
Hirschs,LG,OLED77C5,OLED77C5,85863,59999,Hirschs 47th Anniversary Sale Feb-Mar 2026
Hirschs,LG,OLED65C5,OLED65C5,85865,32999,Hirschs 47th Anniversary Sale Feb-Mar 2026
Hirschs,LG,OLED55C5,OLED55C5,85867,22999,Hirschs 47th Anniversary Sale Feb-Mar 2026
Hirschs,LG,OLED65B5,OLED65B5,85866,27999,Hirschs 47th Anniversary Sale Feb-Mar 2026
Hirschs,LG,OLED55B5,OLED55B5,85868,16999,Hirschs 47th Anniversary Sale Feb-Mar 2026
Hirschs,LG,75QNED82,75QNED82,85724,16999,Hirschs 47th Anniversary Sale Feb-Mar 2026
Hirschs,LG,65QNED82,65QNED82,85723,11999,Hirschs 47th Anniversary Sale Feb-Mar 2026
Hirschs,LG,55QNED82,55QNED82,85722,9999,Hirschs 47th Anniversary Sale Feb-Mar 2026
Hirschs,LG,MoodUP GR-A24FDMMB 617L Multi-Door Fridge Freezer,GR-A24FDMMB,86249,99999,Hirschs 47th Anniversary Sale Feb-Mar 2026
Hirschs,LG,GC-L257KLKW 684L Side by Side Non Plumbed,GC-L257KLKW,,19999,Hirschs 47th Anniversary Sale Feb-Mar 2026
Hirschs,LG,GC-X31FFCRL 900L French Door,GC-X31FFCRL,85855,69999,Hirschs 47th Anniversary Sale Feb-Mar 2026
Hirschs,LG,GC-J24FFCBB 676L Door-in-Door,GC-J24FFCBB,85889,49999,Hirschs 47th Anniversary Sale Feb-Mar 2026
Hirschs,LG,GC-L24FFCFB 675L French Door,GC-L24FFCFB,85852,39999,Hirschs 47th Anniversary Sale Feb-Mar 2026
Hirschs,LG,GC-X257CQFS 694L Side by Side,GC-X257CQFS,,39999,Hirschs 47th Anniversary Sale Feb-Mar 2026
Hirschs,LG,GC-J257SQ2W 643L Side by Side Non Plumbed,GC-J257SQ2W,,29999,Hirschs 47th Anniversary Sale Feb-Mar 2026
Hirschs,LG,GC-L257SQL 674L Side by Side,GC-L257SQL,,23999,Hirschs 47th Anniversary Sale Feb-Mar 2026
Hirschs,LG,GC-F569NQHM 100L Bottom Freezer,GC-F569NQHM,78276,16999,Hirschs 47th Anniversary Sale Feb-Mar 2026
Hirschs,LG,GC-F459FSUW 396L Bottom Freezer,GC-F459FSUW,85854,16999,Hirschs 47th Anniversary Sale Feb-Mar 2026
Hirschs,LG,GC-B414EQFM 350L One Door Freezer,GC-B414EQFM,85625,15999,Hirschs 47th Anniversary Sale Feb-Mar 2026
Hirschs,LG,GC-F411EQDM 414L One Door Fridge,GC-F411EQDM,85624,15999,Hirschs 47th Anniversary Sale Feb-Mar 2026
Hirschs,LG,FOP2CYV2E 21kg Washer,FOP2CYV2E,86227,21999,Hirschs 47th Anniversary Sale Feb-Mar 2026
Hirschs,LG,RH18U8JVCW 18kg Dryer,RH18U8JVCW,84993,26999,Hirschs 47th Anniversary Sale Feb-Mar 2026
Hirschs,LG,S3MFC LG Styler,S3MFC,,19999,Hirschs 47th Anniversary Sale Feb-Mar 2026
Hirschs,LG,F4Y9LWP2ZB 13kg Washer,F4Y9LWP2ZB,84690,16999,Hirschs 47th Anniversary Sale Feb-Mar 2026
Hirschs,LG,RH10V9Z2W 10kg Dryer,RH10V9Z2W,84892,16999,Hirschs 47th Anniversary Sale Feb-Mar 2026
Hirschs,LG,T24H9EFHSTP 24kg Top Loader,T24H9EFHSTP,,14999,Hirschs 47th Anniversary Sale Feb-Mar 2026
Hirschs,LG,F4V5RYP2T 10.5kg Washer,F4V5RYP2T,71404,10999,Hirschs 47th Anniversary Sale Feb-Mar 2026
Hirschs,LG,RH90V9PV8N 9kg Dryer,RH90V9PV8N,83277,14999,Hirschs 47th Anniversary Sale Feb-Mar 2026
Hirschs,LG,T19H33DHT2 19kg Top Loader,T19H33DHT2,,8999,Hirschs 47th Anniversary Sale Feb-Mar 2026
Hirschs,LG,F2V5FYPYP 7kg Washer,F2V5FYPYP,,7999,Hirschs 47th Anniversary Sale Feb-Mar 2026
Hirschs,LG,F2Y1HYP6J 7kg Washer,F2Y1HYP6J,,5799,Hirschs 47th Anniversary Sale Feb-Mar 2026
Hirschs,LG,F4V9LCP2ZB 13.8kg Washer/Dryer,F4V9LCP2ZB,,17999,Hirschs 47th Anniversary Sale Feb-Mar 2026
Hirschs,LG,F2V5FRP2 9.5kg Washer/Dryer,F2V5FRP2,,8799,Hirschs 47th Anniversary Sale Feb-Mar 2026
Hirschs,LG,DFB325HM 14 Place Dishwasher,DFB325HM,66095,16999,Hirschs 47th Anniversary Sale Feb-Mar 2026
Hirschs,LG,DFB425FP 14 Place Dishwasher,DFB425FP,66096,13999,Hirschs 47th Anniversary Sale Feb-Mar 2026
Hirschs,LG,DFCS37P Dishwasher,DFCS37P,81448,10999,Hirschs 47th Anniversary Sale Feb-Mar 2026
Hirschs,LG,DFB532FP Dishwasher,DFB532FP,66097,8999,Hirschs 47th Anniversary Sale Feb-Mar 2026
Hirschs,LG,MA3884VC 38L SolarDOM,MA3884VC,47733,9999,Hirschs 47th Anniversary Sale Feb-Mar 2026
Hirschs,LG,MJ3965ACS 39L NeoChef,MJ3965ACS,60842,5999,Hirschs 47th Anniversary Sale Feb-Mar 2026
Hirschs,LG,MHB265CIS 42L Solo,MHB265CIS,,3299,Hirschs 47th Anniversary Sale Feb-Mar 2026
Hirschs,LG,MS4295CIS 42L Solo,MS4295CIS,66605,3199,Hirschs 47th Anniversary Sale Feb-Mar 2026
Hirschs,LG,MS4295DIS 42L Solo,MS4295DIS,66608,2799,Hirschs 47th Anniversary Sale Feb-Mar 2026
Hirschs,LG,86NANO80 NanoCell TV,86NANO80,85870,19999,Hirschs 47th Anniversary Sale Feb-Mar 2026
Hirschs,LG,75NANO80,75NANO80,85871,13999,Hirschs 47th Anniversary Sale Feb-Mar 2026
Hirschs,LG,65NANO80,65NANO80,85872,8999,Hirschs 47th Anniversary Sale Feb-Mar 2026
Hirschs,LG,55NANO80,55NANO80,85873,7999,Hirschs 47th Anniversary Sale Feb-Mar 2026
Hirschs,LG,86UAB500 UHD TV,86UAB500,85730,18999,Hirschs 47th Anniversary Sale Feb-Mar 2026
Hirschs,LG,75UAB500,75UAB500,85729,12999,Hirschs 47th Anniversary Sale Feb-Mar 2026
Hirschs,LG,65UAB500,65UAB500,85728,9499,Hirschs 47th Anniversary Sale Feb-Mar 2026
Hirschs,LG,55UAB500,55UAB500,85727,7999,Hirschs 47th Anniversary Sale Feb-Mar 2026
Hirschs,LG,50UAB500,50UAB500,85726,6499,Hirschs 47th Anniversary Sale Feb-Mar 2026
Hirschs,LG,43UAB500,43UAB500,85725,5499,Hirschs 47th Anniversary Sale Feb-Mar 2026
Hirschs,LG,LG S95TR Sound Bar 9.1.5ch 810W,S95TR,83816,14999,Hirschs 47th Anniversary Sale Feb-Mar 2026
Hirschs,LG,LG S5C9S Sound Bar 3.1.3ch 400W,S5C9S,82147,10999,Hirschs 47th Anniversary Sale Feb-Mar 2026
Hirschs,LG,LG S75TR Sound Bar 5.1ch 600W,S75TR,87826,7999,Hirschs 47th Anniversary Sale Feb-Mar 2026
Hirschs,LG,LG S64TR Sound Bar 5.1ch 600W,S64TR,83817,5499,Hirschs 47th Anniversary Sale Feb-Mar 2026
Hirschs,LG,LG xboom Stage 301,XBOOM301,,4999,Hirschs 47th Anniversary Sale Feb-Mar 2026
Hirschs,LG,LG xboom Bounce,XBOOMBOUNCE,85924,2999,Hirschs 47th Anniversary Sale Feb-Mar 2026
Hirschs,LG,LG xboom Grab,XBOOMGRAB,85925,1999,Hirschs 47th Anniversary Sale Feb-Mar 2026
Hirschs,Hisense,PT1 4K Laser Projector,PT1,,27999,Hirschs 47th Anniversary Sale Feb-Mar 2026
Hirschs,Hisense,PX3-PRO 4K Laser Projector,PX3-PRO,,44999,Hirschs 47th Anniversary Sale Feb-Mar 2026
Hirschs,Hisense,C2-ULTRA Laser TV,C2-ULTRA,,44999,Hirschs 47th Anniversary Sale Feb-Mar 2026
Hirschs,Hisense,M2-PRO Projector,M2-PRO,,18999,Hirschs 47th Anniversary Sale Feb-Mar 2026
Hirschs,Hisense,HT SATURN 220W 4.2Ch Soundbar,HT SATURN,,9999,Hirschs 47th Anniversary Sale Feb-Mar 2026
Hirschs,Hisense,AX5140Q Soundbar,AX5140Q,,5999,Hirschs 47th Anniversary Sale Feb-Mar 2026
Hirschs,Hisense,AX5100Q Soundbar,AX5100Q,,3499,Hirschs 47th Anniversary Sale Feb-Mar 2026
Hirschs,Hisense,HS5100 Soundbar,HS5100,,2499,Hirschs 47th Anniversary Sale Feb-Mar 2026
Hirschs,Hisense,HS3100 Soundbar,HS3100,,1999,Hirschs 47th Anniversary Sale Feb-Mar 2026
Hirschs,Hisense,HS1800 Soundbar,HS1800,,1399,Hirschs 47th Anniversary Sale Feb-Mar 2026
Hirschs,Hisense,Party Rocker One,PARTY ROCKER ONE,,2999,Hirschs 47th Anniversary Sale Feb-Mar 2026
Hirschs,Hisense,Party Thunder,PARTY THUNDER,,6999,Hirschs 47th Anniversary Sale Feb-Mar 2026
Hirschs,Hisense,536L Multi Door Plumbed Refrigerator,,60229,49999,Hirschs 47th Anniversary Sale Feb-Mar 2026
Hirschs,Hisense,575L French Door Refrigerator,,81708,19999,Hirschs 47th Anniversary Sale Feb-Mar 2026
Hirschs,Hisense,500L Combi Bottom Freezer,,86601,12999,Hirschs 47th Anniversary Sale Feb-Mar 2026
Hirschs,Hisense,15 Plate Dishwasher,H15DWB,85770,6499,Hirschs 47th Anniversary Sale Feb-Mar 2026
Hirschs,Hisense,2 in 1 Washer(12kg) & Dryer(8kg),,85460,8499,Hirschs 47th Anniversary Sale Feb-Mar 2026
Hirschs,Hisense,10KG Heat Pump Dryer,,81459,9999,Hirschs 47th Anniversary Sale Feb-Mar 2026
Hirschs,Hisense,12KG Front Loader Washing Machine,,81456,8999,Hirschs 47th Anniversary Sale Feb-Mar 2026
Hirschs,Hisense,Decorative Cooker Hood,HVH602BK,83170,2999,Hirschs 47th Anniversary Sale Feb-Mar 2026
Hirschs,Hisense,60CM Electric Oven,,,6999,Hirschs 47th Anniversary Sale Feb-Mar 2026
Hirschs,Hisense,60CM Hob,,,2499,Hirschs 47th Anniversary Sale Feb-Mar 2026
Hirschs,Hisense,347L Combi Fridge Water Dispenser Black Glass,H450BMB-WD,85495,6999,Hirschs 47th Anniversary Sale Feb-Mar 2026
Hirschs,Hisense,14KG Top Loader Washing Machine,,85464,5299,Hirschs 47th Anniversary Sale Feb-Mar 2026
Hirschs,Hisense,9KG Front Loader Washing Machine,WFQ9012VMT,76422,6299,Hirschs 47th Anniversary Sale Feb-Mar 2026
Hirschs,Hisense,13 Plate Dishwasher,H13DX,80423,5299,Hirschs 47th Anniversary Sale Feb-Mar 2026
Hirschs,Hisense,15 Plate Dishwasher,H15DK13,,5999,Hirschs 47th Anniversary Sale Feb-Mar 2026
Hirschs,Hisense,45L Microwave Invertor,H45MO65SXV,69254,1999,Hirschs 47th Anniversary Sale Feb-Mar 2026
Hirschs,Hisense,28L Microwave,H28MOEIS17,69255,1199,Hirschs 47th Anniversary Sale Feb-Mar 2026
Hirschs,Hisense,60CM Stainless Steel Electric Oven,HBO60202,72407,3299,Hirschs 47th Anniversary Sale Feb-Mar 2026
Hirschs,Hisense,60CM Extractor,HHO60PASS,72402,1199,Hirschs 47th Anniversary Sale Feb-Mar 2026
Hirschs,Hisense,60CM 4 Burner Gas Hob,H4LKOGAGR,77745,2499,Hirschs 47th Anniversary Sale Feb-Mar 2026
Hirschs,Hisense,12L Dual Basket Air Fryer,,87996,1599,Hirschs 47th Anniversary Sale Feb-Mar 2026
Hirschs,Hisense,298L Combi Refrigerator,,77438,7999,Hirschs 47th Anniversary Sale Feb-Mar 2026
Hirschs,Hisense,8L Air Fryer,,87994,1299,Hirschs 47th Anniversary Sale Feb-Mar 2026
Hirschs,Smeg,"60"" Pyrolytic Oven",SOP6604TPNR,78756,49999,Hirschs 47th Anniversary Sale Feb-Mar 2026
Hirschs,Smeg,"62"" Compact Microwave Oven",SO4804M2PNR,82273,52999,Hirschs 47th Anniversary Sale Feb-Mar 2026
Hirschs,Smeg,"60"" Multifunction Oven",SOE6107TB3,80793,18999,Hirschs 47th Anniversary Sale Feb-Mar 2026
Hirschs,Smeg,"90"" Multifunction Oven",SF399X1SA,9390,27999,Hirschs 47th Anniversary Sale Feb-Mar 2026
Hirschs,Smeg,"90"" Multifunction Oven",SFR93M3TVX,74820,22999,Hirschs 47th Anniversary Sale Feb-Mar 2026
Hirschs,Smeg,"60"" Multifunction Oven",SOE302TX,79643,15999,Hirschs 47th Anniversary Sale Feb-Mar 2026
Hirschs,Smeg,"60"" Multifunction Oven",SFK301TVX,78647,11499,Hirschs 47th Anniversary Sale Feb-Mar 2026
Hirschs,Smeg,6X Compact Microwave Oven,SO4301M0X,82495,24999,Hirschs 47th Anniversary Sale Feb-Mar 2026
Hirschs,Smeg,"60"" Microwave Oven with Grill",FMI425X,74204,10999,Hirschs 47th Anniversary Sale Feb-Mar 2026
Hirschs,Smeg,"90"" Gas Hob",SRV596GH5SA,87861,10999,Hirschs 47th Anniversary Sale Feb-Mar 2026
Hirschs,Smeg,"90"" Gas-on-Glass Hob",PV395LNSA2,81721,16999,Hirschs 47th Anniversary Sale Feb-Mar 2026
Hirschs,Smeg,"60"" Gas-on-Glass Hob",PV364NSA2,81726,9499,Hirschs 47th Anniversary Sale Feb-Mar 2026
Hirschs,Smeg,"90"" Induction Hob",SI2951D,86243,18499,Hirschs 47th Anniversary Sale Feb-Mar 2026
Hirschs,Smeg,"60"" Induction Hob",SI2841D,77508,9999,Hirschs 47th Anniversary Sale Feb-Mar 2026
Hirschs,Smeg,"90"" Gas Hob",SE496TD,82799,13999,Hirschs 47th Anniversary Sale Feb-Mar 2026
Hirschs,Smeg,"90"" Downdraft Extractor",KDD90CNE2,,37999,Hirschs 47th Anniversary Sale Feb-Mar 2026
Hirschs,Smeg,"90"" Angled Extractor",KV394N,77910,14999,Hirschs 47th Anniversary Sale Feb-Mar 2026
Hirschs,Smeg,Extractor,KBT900V,74340,10999,Hirschs 47th Anniversary Sale Feb-Mar 2026
Hirschs,Smeg,Wall-mounted Extractor,KAT600CEX,68511,6499,Hirschs 47th Anniversary Sale Feb-Mar 2026
Hirschs,Smeg,Wall-mounted Extractor,KDE900EX,,3799,Hirschs 47th Anniversary Sale Feb-Mar 2026
Hirschs,Smeg,"90"" Gas-Electric Cooker",C9MAB55A2,82506,29999,Hirschs 47th Anniversary Sale Feb-Mar 2026
Hirschs,Smeg,"96"" Gas-Electric Cooker",SSA91MAP2,81780,24999,Hirschs 47th Anniversary Sale Feb-Mar 2026
Hirschs,Smeg,"90"" Induction-Electric Cooker",C9ROCXIT,82509,32999,Hirschs 47th Anniversary Sale Feb-Mar 2026
Hirschs,Smeg,"90"" Full Gas Cooker",SSA916GX2,82507,22999,Hirschs 47th Anniversary Sale Feb-Mar 2026
Hirschs,Smeg,"82"" Gas-Electric Cooker",SSA60MWHI2,81777,14499,Hirschs 47th Anniversary Sale Feb-Mar 2026
Hirschs,Smeg,"90"" Combi Fridge-Freezer",FQ60XDZA,,34999,Hirschs 47th Anniversary Sale Feb-Mar 2026
Hirschs,Smeg,"79"" Combi Fridge-Freezer",RC479XNZA,86077,20999,Hirschs 47th Anniversary Sale Feb-Mar 2026
Hirschs,Smeg,"60"" Fridge and Freezer Set",,86075,18999,Hirschs 47th Anniversary Sale Feb-Mar 2026
Hirschs,Smeg,"69"" Combi Fridge-Freezer",RC339NZA,86078,16999,Hirschs 47th Anniversary Sale Feb-Mar 2026
Hirschs,Smeg,"90"" Integrated Fridge-Freezer",ZACB173N1F,81515,24999,Hirschs 47th Anniversary Sale Feb-Mar 2026
Hirschs,Smeg,"69"" Combi Fridge-Freezer",RF502XZA,75822,29999,Hirschs 47th Anniversary Sale Feb-Mar 2026
Hirschs,Smeg,"60"" Fridge and Freezer Set",,75824,16999,Hirschs 47th Anniversary Sale Feb-Mar 2026
Hirschs,Smeg,"60"" Combi Fridge-Freezer",RC338NZA,86071,13999,Hirschs 47th Anniversary Sale Feb-Mar 2026
Hirschs,Smeg,"56"" Integrated Full Freezer",ZASF174NE,86073,26999,Hirschs 47th Anniversary Sale Feb-Mar 2026
Hirschs,Smeg,"50"" Integrated Full Fridge",,,11999,Hirschs 47th Anniversary Sale Feb-Mar 2026
Hirschs,Smeg,"60"" Dishwasher",DW81STCA,83124,10999,Hirschs 47th Anniversary Sale Feb-Mar 2026
Hirschs,Smeg,Washing Machine and Dryer,DW17QSA-1,71058,12999,Hirschs 47th Anniversary Sale Feb-Mar 2026
Hirschs,Smeg,"49"" Integrated Dishwasher",DWI245A,29312,11999,Hirschs 47th Anniversary Sale Feb-Mar 2026
Hirschs,Defy,Digital Bladeless Fan,DBF 350,86791,1399,Hirschs 47th Anniversary Sale Feb-Mar 2026
Hirschs,Defy,2 In 1 Circulation Fan,DOF 300,86790,799,Hirschs 47th Anniversary Sale Feb-Mar 2026
Hirschs,Defy,Portable Air Cooler White,MAC 6530 W,86793,999,Hirschs 47th Anniversary Sale Feb-Mar 2026
Hirschs,Defy,7.68 XXL Air Fryer Black,DAF 5276 DB,,1299,Hirschs 47th Anniversary Sale Feb-Mar 2026
Hirschs,Defy,2200W 1.7lt Grey Glow Kettle,WK 4215 G,84226,349,Hirschs 47th Anniversary Sale Feb-Mar 2026
Hirschs,Defy,800W Grey Glow Toaster,TA 4220 G,84228,449,Hirschs 47th Anniversary Sale Feb-Mar 2026
Hirschs,Defy,1.7lt Kettle Tilted Glass,WK 5300 G,85479,399,Hirschs 47th Anniversary Sale Feb-Mar 2026
Hirschs,Defy,2200W Ceramic Soleplate Steam Iron,SI 2322 CK,,249,Hirschs 47th Anniversary Sale Feb-Mar 2026
Hirschs,Liebherr,277L Plus Upright Freezer,,SN 80966,27999,Hirschs 47th Anniversary Sale Feb-Mar 2026
Hirschs,Liebherr,472L Stainless Steel Freestanding Freezer,FRFCVG5501,SN 80966,44999,Hirschs 47th Anniversary Sale Feb-Mar 2026
Hirschs,Liebherr,571L Stainless Steel Freestanding Fridge,FRFCVG5501,SN 80963,39999,Hirschs 47th Anniversary Sale Feb-Mar 2026
Hirschs,Smeg,Porsche x SMEG Breakfast Set,,87777,7999,Hirschs 47th Anniversary Sale Feb-Mar 2026
Hirschs,Smeg,Porsche x SMEG Blender,BLF03PSGEU,87776,9999,Hirschs 47th Anniversary Sale Feb-Mar 2026
Hirschs,Smeg,Porsche x SMEG Retro Fridge,FAB28RDPGS6,87835,84999,Hirschs 47th Anniversary Sale Feb-Mar 2026
Hirschs,Smeg,Filter Coffee Machine,DCF02CREU,87941,3799,Hirschs 47th Anniversary Sale Feb-Mar 2026
Hirschs,Smeg,Milk Frother,MFF02CREU,86758,1699,Hirschs 47th Anniversary Sale Feb-Mar 2026
Hirschs,Smeg,Soda Maker,SKC01SBM,86277,3499,Hirschs 47th Anniversary Sale Feb-Mar 2026
Hirschs,Smeg,Bean-to-cup Coffee Machine,BCC12SIMEU,85840,9999,Hirschs 47th Anniversary Sale Feb-Mar 2026
Hirschs,Smeg,Kettle & 2-Slice Toaster,,15456,3299,Hirschs 47th Anniversary Sale Feb-Mar 2026
Hirschs,Smeg,Personal Blender,PBF01BLEU,80222,1999,Hirschs 47th Anniversary Sale Feb-Mar 2026
Hirschs,Smeg,Digital Kitchen Scale,KSC01SLMWW,84505,2795,Hirschs 47th Anniversary Sale Feb-Mar 2026
Hirschs,Smeg,High-Performance Blender,BLC02EGMEU,82110,11499,Hirschs 47th Anniversary Sale Feb-Mar 2026
Hirschs,Smeg,Stand Mixer,SMF02CREU,86848,8499,Hirschs 47th Anniversary Sale Feb-Mar 2026
Hirschs,Smeg,Hand Blender,HBF02CREU,85048,2299,Hirschs 47th Anniversary Sale Feb-Mar 2026
Hirschs,Smeg,500ml Insulated Water Bottle,WBFG1,87713,849,Hirschs 47th Anniversary Sale Feb-Mar 2026
Hirschs,Smeg,"60"" Microwave Oven",MOE25X,23345,6699,Hirschs 47th Anniversary Sale Feb-Mar 2026
Hirschs,Defy,91cm 601lt Multi-Door Dark Inox,DFF590,86803,18499,Hirschs 47th Anniversary Sale Feb-Mar 2026
Hirschs,Defy,100cm 614lt Side By Side Dark Inox NATURELIGHT,DFF663,,14999,Hirschs 47th Anniversary Sale Feb-Mar 2026
Hirschs,Defy,91cm 559lt Side By Side Dark Inox NATURELIGHT,DFF636,86824,10999,Hirschs 47th Anniversary Sale Feb-Mar 2026
Hirschs,Defy,60cm 250lt Full Freezer Titanium Inox,DUF250,86802,10999,Hirschs 47th Anniversary Sale Feb-Mar 2026
Hirschs,Defy,60cm 343lt Full Fridge Titanium Inox,DFD458,85808,10999,Hirschs 47th Anniversary Sale Feb-Mar 2026
Hirschs,Defy,329lt Bottom Mounted Fridge/Freezer,DAC674,86623,8499,Hirschs 47th Anniversary Sale Feb-Mar 2026
Hirschs,Defy,247lt Bottom Mounted Fridge/Freezer,DAC447,75952,4999,Hirschs 47th Anniversary Sale Feb-Mar 2026
Hirschs,Defy,12kg STEAMCURE EcoColdWash Front Loader,DAW398,85395,8999,Hirschs 47th Anniversary Sale Feb-Mar 2026
Hirschs,Defy,9kg STEAMCURE Front Loader,DAW399,85393,6499,Hirschs 47th Anniversary Sale Feb-Mar 2026
Hirschs,Defy,6kg STEAMCURE Front Loader,DAW392,87560,3999,Hirschs 47th Anniversary Sale Feb-Mar 2026
Hirschs,Defy,9/5kg Washer Dryer Manhattan Grey,DWD429,87577,7499,Hirschs 47th Anniversary Sale Feb-Mar 2026
Hirschs,Defy,9kg Heat Pump Tumble Dryer,DTD324,87392,8999,Hirschs 47th Anniversary Sale Feb-Mar 2026
Hirschs,Defy,6kg Air Vented Tumble Dryer,DTD236,80064,4499,Hirschs 47th Anniversary Sale Feb-Mar 2026
Hirschs,Defy,15 Place Setting Dishwasher,DDW377,79074,9999,Hirschs 47th Anniversary Sale Feb-Mar 2026
Hirschs,Defy,15 Place Setting Dishwasher Inox,DDW257,,6499,Hirschs 47th Anniversary Sale Feb-Mar 2026
Hirschs,Defy,13 Place Setting Dishwasher Manhattan Grey,DDW242,79063,4999,Hirschs 47th Anniversary Sale Feb-Mar 2026
Hirschs,Bosch,76L Built-in Oven Serie 6,HJG6832EG02,87780,9999,Hirschs 47th Anniversary Sale Feb-Mar 2026
Hirschs,Bosch,71L Multifunction Oven,,81488,13999,Hirschs 47th Anniversary Sale Feb-Mar 2026
Hirschs,Bosch,60cm Induction Hob Serie 2,PUG61KAA5E,77550,4699,Hirschs 47th Anniversary Sale Feb-Mar 2026
Hirschs,Bosch,60cm Gas Hob Serie 6,PPP6A6B90Z,85592,5799,Hirschs 47th Anniversary Sale Feb-Mar 2026
Hirschs,Bosch,60cm Wall Mounted Extractor,DWK66FP362,86053,4299,Hirschs 47th Anniversary Sale Feb-Mar 2026
Hirschs,Bosch,90cm Hybrid Gas Cooker,,85794,24999,Hirschs 47th Anniversary Sale Feb-Mar 2026
Hirschs,Bosch,10kg Washing Machine Serie 6,WGK254ZX2A,,9999,Hirschs 47th Anniversary Sale Feb-Mar 2026
Hirschs,Bosch,9kg Condenser Tumble Dryer Serie 6,WPG1411XZA,86911,9999,Hirschs 47th Anniversary Sale Feb-Mar 2026
Hirschs,Bosch,13 Place Dishwasher Serie 6,SMS6HMI04Z,80686,9999,Hirschs 47th Anniversary Sale Feb-Mar 2026
Hirschs,Bosch,14 Place Dishwasher Serie 8,SM56ECI02Z,80672,14999,Hirschs 47th Anniversary Sale Feb-Mar 2026
Hirschs,Bosch,483L French door fridge Serie 4,KFN96VPEA,82057,29999,Hirschs 47th Anniversary Sale Feb-Mar 2026
Hirschs,Bosch,324L Freestanding Fridge Serie 3,KSV33NI31Z,66807,12999,Hirschs 47th Anniversary Sale Feb-Mar 2026
Hirschs,Bosch,225L Freestanding Freezer Serie 4,GSN33V131Z,66808,12999,Hirschs 47th Anniversary Sale Feb-Mar 2026
Hirschs,Bosch,Toaster DesignLine Graphite,TAT4P44OSB,,1399,Hirschs 47th Anniversary Sale Feb-Mar 2026
Hirschs,Bosch,Kettle DesignLine Graphite,TWK5P4B2S,73025,999,Hirschs 47th Anniversary Sale Feb-Mar 2026
Hirschs,Bosch,Kettle Styline Black,TWK86P13P,29168,1699,Hirschs 47th Anniversary Sale Feb-Mar 2026
Hirschs,Bosch,Kettle Styline White,TWK86P11P,,1699,Hirschs 47th Anniversary Sale Feb-Mar 2026
Hirschs,Bosch,180W Coffee grinder,TSM6A013B,67688,269,Hirschs 47th Anniversary Sale Feb-Mar 2026
Hirschs,Bosch,Compact toaster Styline Black,TAT8613N,84517,1699,Hirschs 47th Anniversary Sale Feb-Mar 2026
Hirschs,Bosch,Compact toaster Styline White,TAT8611N,84872,1699,Hirschs 47th Anniversary Sale Feb-Mar 2026
Hirschs,Bosch,Centrifugal juicer VitaJuice 3,MES3500,3004,1999,Hirschs 47th Anniversary Sale Feb-Mar 2026
Hirschs,Bosch,Contact Grill 2000W Silver,TCG4215,,1899,Hirschs 47th Anniversary Sale Feb-Mar 2026
Hirschs,Bosch,Rechargeable Vacuum Cleaner Unlimited 7 ProAnimal,BCS71PRTSC,,5799,Hirschs 47th Anniversary Sale Feb-Mar 2026
Hirschs,Bosch,25.2V Cordless Handstick Vacuum Cleaner Flexxo,BBH32OO03,,2999,Hirschs 47th Anniversary Sale Feb-Mar 2026
Hirschs,Bosch,Siemens TQ903R03 Fully automatic coffee machine,TQ903R03,,23999,Hirschs 47th Anniversary Sale Feb-Mar 2026
Hirschs,Bosch,Siemens TQ515R03 Fully Automatic Coffee Machine,TQ515R03,84247,17999,Hirschs 47th Anniversary Sale Feb-Mar 2026
Hirschs,Bosch,Siemens TE655203RW Fully Automatic Coffee Machine,TE655203RW,,13999,Hirschs 47th Anniversary Sale Feb-Mar 2026
Hirschs,Defy,Gemini THERMOFAN Double Oven Mirror,DBO768,77982,14999,Hirschs 47th Anniversary Sale Feb-Mar 2026
Hirschs,Defy,Gemini THERMOFAN Eye-Level Oven,DBO774,77980,10499,Hirschs 47th Anniversary Sale Feb-Mar 2026
Hirschs,Defy,Slimline Touch Control THERMOFAN Eye-Level Oven,DBO499,86850,7999,Hirschs 47th Anniversary Sale Feb-Mar 2026
Hirschs,Defy,Slimline Eye-Level Oven Black Glass,DBO483E,,3499,Hirschs 47th Anniversary Sale Feb-Mar 2026
Hirschs,Defy,Slimline Multifunction Box Set,DCB832E,77023,5999,Hirschs 47th Anniversary Sale Feb-Mar 2026
Hirschs,Defy,90cm Dual Fuel Gas & Electric Hob Black Glass,DHG902,85582,6999,Hirschs 47th Anniversary Sale Feb-Mar 2026
Hirschs,Defy,70cm Gemini Gas on Glass Hob with Wok Burner,DHG701,73920,5699,Hirschs 47th Anniversary Sale Feb-Mar 2026
Hirschs,Defy,60cm Gemini Dual Fuel Gas & Electric Hob Black Glass,DHG506,85181,4999,Hirschs 47th Anniversary Sale Feb-Mar 2026
Hirschs,Defy,90cm Multifunction Gas/Electric Range Cooker Black,DGS90GEB,,12999,Hirschs 47th Anniversary Sale Feb-Mar 2026
Hirschs,Defy,60cm THERMOFAN 4 Burner Gas/Electric Stove,DGS606,,7499,Hirschs 47th Anniversary Sale Feb-Mar 2026
Hirschs,Defy,50cm 4 Plate Compact Electric Stove Black,DSS554,82373,3699,Hirschs 47th Anniversary Sale Feb-Mar 2026
Hirschs,Defy,90cm Chimney Hood Black,DCH90CB,82924,2799,Hirschs 47th Anniversary Sale Feb-Mar 2026
Hirschs,Defy,60cm Chimney Hood Stainless Steel,DCH60CSS,80361,1899,Hirschs 47th Anniversary Sale Feb-Mar 2026
Hirschs,Defy,34L Digital Grill Microwave Black,DMO134,85027,1999,Hirschs 47th Anniversary Sale Feb-Mar 2026
Hirschs,SnoMaster,Ice-Maker,?, 86821,1899,Hirschs 47th Anniversary Sale Feb-Mar 2026
Hirschs,SnoMaster,Counter-Top Ball Ice-Maker,,85583,5899,Hirschs 47th Anniversary Sale Feb-Mar 2026
Hirschs,SnoMaster,Plumbed-In Bullet Type Ice-Maker Black,,87505,10999,Hirschs 47th Anniversary Sale Feb-Mar 2026
Hirschs,SnoMaster,Ice-Maker Plumbed-In Bullet Stainless Steel,,62452,18999,Hirschs 47th Anniversary Sale Feb-Mar 2026
Hirschs,SnoMaster,88L Under-Counter Beverage Cooler,,85577,5999,Hirschs 47th Anniversary Sale Feb-Mar 2026
Hirschs,SnoMaster,14 Bottle Pro Series Dual Zone Wine Cooler,,62443,17999,Hirschs 47th Anniversary Sale Feb-Mar 2026
Hirschs,SnoMaster,30 Bottle Single Zone Wine Cooler,,86745,8999,Hirschs 47th Anniversary Sale Feb-Mar 2026
Hirschs,SnoMaster,28 Bottle Single Zone Wine Cooler,,85578,6499,Hirschs 47th Anniversary Sale Feb-Mar 2026
Hirschs,SnoMaster,300L Under-Counter Sliding Door Beverage Cooler,,85625,16499,Hirschs 47th Anniversary Sale Feb-Mar 2026
Hirschs,SnoMaster,400L Under-Counter Beverage Cooler,,,21999,Hirschs 47th Anniversary Sale Feb-Mar 2026
Hirschs,SnoMaster,158 Bottle Pro Series Dual Zone Wine Cooler,,64083,39999,Hirschs 47th Anniversary Sale Feb-Mar 2026
Hirschs,Midea,8L Electric Pressure Cooker,MY-CS6037WPP2,85683,1499,Hirschs 47th Anniversary Sale Feb-Mar 2026
Hirschs,Midea,20L Inverter Black Microwave,HM050BLACK,83318,729,Hirschs 47th Anniversary Sale Feb-Mar 2026
Hirschs,Midea,30L Silver Microwave With Inverter,EM361-SILVER,87984,1199,Hirschs 47th Anniversary Sale Feb-Mar 2026
Hirschs,Midea,12/8KG Washer Dryer Combo,,,9999,Hirschs 47th Anniversary Sale Feb-Mar 2026
Hirschs,Midea,Countertop Loading Water Dispenser,YL20371-BLACK,85580,2299,Hirschs 47th Anniversary Sale Feb-Mar 2026
Hirschs,Midea,2L Extreme Blender,BL1192B-BLACK,84640,1799,Hirschs 47th Anniversary Sale Feb-Mar 2026
Hirschs,Midea,Circulation Fan,P018-23M8,84638,1499,Hirschs 47th Anniversary Sale Feb-Mar 2026
Hirschs,Midea,90CH Curved Glass Extractor Fan,SCV33-EM33,87781,3999,Hirschs 47th Anniversary Sale Feb-Mar 2026
Hirschs,Midea,60CM Induction Hob With Touch Control,MC-IP74,85059,3999,Hirschs 47th Anniversary Sale Feb-Mar 2026
Hirschs,Midea,90CM Black Gas On Glass Hob,90GG-055,87750,4999,Hirschs 47th Anniversary Sale Feb-Mar 2026
Hirschs,Midea,13 Place Dishwasher,DHW53180,85209,4999,Hirschs 47th Anniversary Sale Feb-Mar 2026
Hirschs,Midea,10/7KG Washer Dryer Combo,MF200D100WB-1,85209,7999,Hirschs 47th Anniversary Sale Feb-Mar 2026
Hirschs,Midea,70L Built-In Electric Oven,65M90D2,86970,4999,Hirschs 47th Anniversary Sale Feb-Mar 2026
Hirschs,Midea,67L Built-In Electric Oven,65M60H,86971,3999,Hirschs 47th Anniversary Sale Feb-Mar 2026
Hirschs,Midea,Bottom Loading Water Dispenser,YL30385-S,82320,3499,Hirschs 47th Anniversary Sale Feb-Mar 2026
Hirschs,Midea,BZE-INV-09 Inverter Aircon,BZE-INV-09,H3557,8999,Hirschs 47th Anniversary Sale Feb-Mar 2026
Hirschs,Midea,BZE-INV-12 Inverter Aircon,BZE-INV-12,H3598,9999,Hirschs 47th Anniversary Sale Feb-Mar 2026
Hirschs,Midea,BZE-INV-24 Inverter Aircon,BZE-INV-24,H3810,18999,Hirschs 47th Anniversary Sale Feb-Mar 2026
Hirschs,Midea,Xtreme Inverter Energy Saving Inverter Aircon,INVEXT-12-R32,H3804,8699,Hirschs 47th Anniversary Sale Feb-Mar 2026
Hirschs,Midea,12000 BTU Portable Air Conditioner,MPPX-12HR/N7,H3778,5999,Hirschs 47th Anniversary Sale Feb-Mar 2026
Hirschs,Midea,11KG Top Loader Dark Grey,MA200W110T,84092,4399,Hirschs 47th Anniversary Sale Feb-Mar 2026
Hirschs,Midea,16KG Top Loader Titanium,MA320W160B-T,85441,5999,Hirschs 47th Anniversary Sale Feb-Mar 2026
Hirschs,Midea,21KG Top Loader Light Commercial,MA350W210-G,83541,7999,Hirschs 47th Anniversary Sale Feb-Mar 2026
Hirschs,Midea,10KG Front Loader With Inverter,MF200W100WB-T,83318,6999,Hirschs 47th Anniversary Sale Feb-Mar 2026
Hirschs,Midea,10KG Heat Pump Dryer With Inverter,MD200W100WB-T,85412,8999,Hirschs 47th Anniversary Sale Feb-Mar 2026
Hirschs,Midea,173L Fridge Top Mount Freezer,HD-216FN-BLACK,86873,3499,Hirschs 47th Anniversary Sale Feb-Mar 2026
Hirschs,Midea,262L Frost Free Fridge,HD-359RWEN,86982,5499,Hirschs 47th Anniversary Sale Feb-Mar 2026
Hirschs,Midea,262L Bottom Mount With Dispenser,HD-359RWEN-WD,86964,5999,Hirschs 47th Anniversary Sale Feb-Mar 2026
Hirschs,Midea,595L Switch Fridge or Freezer,HS-772PWE,85414,17999,Hirschs 47th Anniversary Sale Feb-Mar 2026
Hirschs,Siemens,HB736G1B1 60cm Built-in Oven iQ700,HB736G1B1,81593,16999,Hirschs 47th Anniversary Sale Feb-Mar 2026
Hirschs,Siemens,HM736GAB1 60cm Built-in Oven with Microwave iQ700,HM736GAB1,81594,29999,Hirschs 47th Anniversary Sale Feb-Mar 2026
Hirschs,Siemens,VB554DFR0 90cm built-in oven,VB554DFR0,64775,24999,Hirschs 47th Anniversary Sale Feb-Mar 2026
Hirschs,Siemens,CT718L1B0 iQ700 Automatic Coffee Machine,CT718L1B0,81561,37999,Hirschs 47th Anniversary Sale Feb-Mar 2026
Hirschs,Siemens,EX675LEC1E 60cm Induction hob,EX675LEC1E,56417,13999,Hirschs 47th Anniversary Sale Feb-Mar 2026
Hirschs,Siemens,EX975LVC1E 90cm Flex Induction Hob Black Glass,EX975LVC1E,,17999,Hirschs 47th Anniversary Sale Feb-Mar 2026
Hirschs,Siemens,WG568200ZA iQ500 10kg Washing Machine,WG568200ZA,82953,18999,Hirschs 47th Anniversary Sale Feb-Mar 2026
Hirschs,Siemens,WQ45B2A0ZA iQ700 9kg Tumble Dryer,WQ45B2A0ZA,82954,17999,Hirschs 47th Anniversary Sale Feb-Mar 2026
Hirschs,Siemens,SN73HXQ1CZ iQ300 13 Place Built-in Dishwasher,SN73HXQ1CZ,,14999,Hirschs 47th Anniversary Sale Feb-Mar 2026
Hirschs,Siemens,SN25ECO2MZ Water Champion 65cm Freestanding Dishwasher,SN25ECO2MZ,81830,11999,Hirschs 47th Anniversary Sale Feb-Mar 2026
Hirschs,Siemens,SN27ZW03CZ iQ500 60cm Dishwasher White,SN27ZW03CZ,,14499,Hirschs 47th Anniversary Sale Feb-Mar 2026
Hirschs,Siemens,B1710C1B1 iQ200 Runner drawer,B1710C1B1,81588,12999,Hirschs 47th Anniversary Sale Feb-Mar 2026
Hirschs,Siemens,KU21RVFE0 iQ300 59.8cm Built-in Bar Fridge,KU21RVFE0,83161,16999,Hirschs 47th Anniversary Sale Feb-Mar 2026
Hirschs,Siemens,GI81NAEF0Z iQ500 211 Litre integrated full freezer,GI81NAEF0Z,,24999,Hirschs 47th Anniversary Sale Feb-Mar 2026
Hirschs,Siemens,KI81RAF30Z iQ500 319 Litre integrated full fridge,KI81RAF30Z,,24999,Hirschs 47th Anniversary Sale Feb-Mar 2026
Hirschs,Elba,90cm Matte Black 5 Burner Gas Electric Freestanding Cooker,04/95EX837NR,87024,16999,Hirschs 47th Anniversary Sale Feb-Mar 2026
Hirschs,Elba,90cm Stainless Steel 4 Burner Gas Stove,04/96CL727NR,86784,15999,Hirschs 47th Anniversary Sale Feb-Mar 2026
Hirschs,Elba,60cm Gas 4 Burner Stove,04/64CL442N,87735,9999,Hirschs 47th Anniversary Sale Feb-Mar 2026
Hirschs,Elba,60cm Gas Oven,02/A1AK1460Z,,11499,Hirschs 47th Anniversary Sale Feb-Mar 2026
Hirschs,Elba,60cm Black 4 Burner Gas On Glass Hob,,83152,4299,Hirschs 47th Anniversary Sale Feb-Mar 2026
Hirschs,Elba,60cm Black 4-Zone Induction Hob,02/L641T,83001,3999,Hirschs 47th Anniversary Sale Feb-Mar 2026
Hirschs,Elba,elica Missy 60cm Chimney Extractor,,,2199,Hirschs 47th Anniversary Sale Feb-Mar 2026
Hirschs,Elba,90cm Stainless Steel Black Glass Electric Multifunction Oven,02/ELIC960,80978,18999,Hirschs 47th Anniversary Sale Feb-Mar 2026
Hirschs,Elba,90cm Black 5 Burner Gas On Glass Hob,TRI-6465,83152,6999,Hirschs 47th Anniversary Sale Feb-Mar 2026
Hirschs,Elba,30cm 2 Place Black Ceran Hob,02/L33-CF,77053,1999,Hirschs 47th Anniversary Sale Feb-Mar 2026
Hirschs,Elba,elica 90cm Pyramid Style Extractor,,75548,2599,Hirschs 47th Anniversary Sale Feb-Mar 2026
Hirschs,KIC,KBF 639/2 ME WATER 346L Bottom Freezer,KBF 639/2 ME WATER,78419,6999,Hirschs 47th Anniversary Sale Feb-Mar 2026
Hirschs,KIC,KBF 635/2 GR WATER 346L Bottom Freezer,KBF 635/2 GR WATER,80874,6699,Hirschs 47th Anniversary Sale Feb-Mar 2026
Hirschs,KIC,KBF 631/2 GR 231L Bottom Freezer,KBF 631/2 GR,82920,6299,Hirschs 47th Anniversary Sale Feb-Mar 2026
Hirschs,KIC,KBF 525/2 ME 230L Bottom Freezer,KBF 525/2 ME,79762,5299,Hirschs 47th Anniversary Sale Feb-Mar 2026
Hirschs,KIC,KTF 518/2 ME 171L Top Freezer,KTF 518/2 ME,78574,3899,Hirschs 47th Anniversary Sale Feb-Mar 2026
Hirschs,KIC,KFL 812 GR 8kg Washing Machine Eco-Logic,KFL 812 GR,86752,5299,Hirschs 47th Anniversary Sale Feb-Mar 2026
Hirschs,KIC,KCG 305 GR 278L Chest Freezer,KCG 305 GR,86052,4999,Hirschs 47th Anniversary Sale Feb-Mar 2026
Hirschs,KIC,KCG 575 WH 537L Chest Freezer,KCG 575 WH,,7299,Hirschs 47th Anniversary Sale Feb-Mar 2026
Hirschs,AEG,Upright Fridge 340L,AEGZA366DUFBI,85831,11999,Hirschs 47th Anniversary Sale Feb-Mar 2026
Hirschs,AEG,10KG Inverter Front Loader,AEGL6MFL,85823,9999,Hirschs 47th Anniversary Sale Feb-Mar 2026
Hirschs,AEG,10KG Heat Pump Dryer,AEGZK0IHPDT,85826,13999,Hirschs 47th Anniversary Sale Feb-Mar 2026
Hirschs,AEG,Upright Freezer 340L,AEGZA265DUFBI,85832,11999,Hirschs 47th Anniversary Sale Feb-Mar 2026
Hirschs,AEG,60CM T-Shaped Cooker Hood,AEGZAM07CZAI,85800,4999,Hirschs 47th Anniversary Sale Feb-Mar 2026
Hirschs,AEG,60CM Ceran Built-In Hob SCHOTT,AEGI50CCB+ISI,85791,4999,Hirschs 47th Anniversary Sale Feb-Mar 2026
Hirschs,AEG,14 Place Dishwasher With Satellite Wash,AEGZA66NO42,85829,9999,Hirschs 47th Anniversary Sale Feb-Mar 2026
Hirschs,AEG,60CM Built-In Pyrolytic Oven,AEGZA64KOD2,85787,14999,Hirschs 47th Anniversary Sale Feb-Mar 2026
Hirschs,AEG,60CM Built-In Oven With Air Fryer & Heatwrap,AEGZA20BRAO2,85786,10999,Hirschs 47th Anniversary Sale Feb-Mar 2026
Hirschs,AEG,15 Place Dishwasher With Inverter Motor & Satellite Wash,AEGZAJDTNV,85830,13999,Hirschs 47th Anniversary Sale Feb-Mar 2026
Hirschs,AEG,90CM Stainless Steel Gas/Electric Stove,AEGZAMR453,85783,19999,Hirschs 47th Anniversary Sale Feb-Mar 2026
Hirschs,AEG,60CM Gas On Glass Built-In Hob Timer,AEGI4GOSB-IT1,85796,5499,Hirschs 47th Anniversary Sale Feb-Mar 2026
Hirschs,Miele,Guard L1 Allergy Bagged Vacuum,,85337,6299,Hirschs 47th Anniversary Sale Feb-Mar 2026
Hirschs,Miele,Duoflex HX1 Cordless Vacuum,,83164,5999,Hirschs 47th Anniversary Sale Feb-Mar 2026
Hirschs,Miele,Duoflex HX1 Total Care Cordless Vacuum,,83166,7499,Hirschs 47th Anniversary Sale Feb-Mar 2026
Hirschs,Miele,Guard L1 Comfort Bagged Vacuum,,85338,9499,Hirschs 47th Anniversary Sale Feb-Mar 2026
Hirschs,Miele,Guard L1 Cat & Dog Bagged Vacuum,,85338,6999,Hirschs 47th Anniversary Sale Feb-Mar 2026
Hirschs,Miele,Triflex HX2 Cat & Dog Cordless Vacuum,,80928,10999,Hirschs 47th Anniversary Sale Feb-Mar 2026
Hirschs,Miele,H2465B Oven,H2465B,81143,14999,Hirschs 47th Anniversary Sale Feb-Mar 2026
Hirschs,Miele,KM 7361 FL Hob,KM 7361 FL,87510,19999,Hirschs 47th Anniversary Sale Feb-Mar 2026
Hirschs,Miele,H7260B Oven,H7260B,77710,19999,Hirschs 47th Anniversary Sale Feb-Mar 2026
Hirschs,Miele,M7240 Built-in microwave oven,M7240,78345,17999,Hirschs 47th Anniversary Sale Feb-Mar 2026
Hirschs,Miele,KFN 4795 AD Freestanding fridge-freezer,KFN 4795 AD,91237,27999,Hirschs 47th Anniversary Sale Feb-Mar 2026
Hirschs,Whirlpool,WOI118HT2SBA,WOI118HT2SBA,87354,19999,Hirschs 47th Anniversary Sale Feb-Mar 2026
Hirschs,Whirlpool,WOI78HT1SBA,WOI78HT1SBA,87355,14999,Hirschs 47th Anniversary Sale Feb-Mar 2026
Hirschs,Whirlpool,WOI558HM1SBA,WOI558HM1SBA,87357,13499,Hirschs 47th Anniversary Sale Feb-Mar 2026
Hirschs,Whirlpool,MWP 339 SB Microwave,MWP 339 SB,68619,8999,Hirschs 47th Anniversary Sale Feb-Mar 2026
Hirschs,Whirlpool,OMK58HU1B,OMK58HU1B,87360,8999,Hirschs 47th Anniversary Sale Feb-Mar 2026
Hirschs,Whirlpool,OMR55HROX,OMR55HROX,85572,7499,Hirschs 47th Anniversary Sale Feb-Mar 2026
Hirschs,Whirlpool,WCW1107HTSB ZA,WCW1107HTSB ZA,87429,24999,Hirschs 47th Anniversary Sale Feb-Mar 2026
Hirschs,Whirlpool,WCW707HTSB ZA,WCW707HTSB ZA,87430,19999,Hirschs 47th Anniversary Sale Feb-Mar 2026
Hirschs,Whirlpool,WMW57DMB ZA,WMW57DMB ZA,87428,16999,Hirschs 47th Anniversary Sale Feb-Mar 2026
Hirschs,Whirlpool,WHC18D021C1 Fridge,WHC18D021C1,87434,19999,Hirschs 47th Anniversary Sale Feb-Mar 2026
Hirschs,Whirlpool,WHSD18F043C1 SAF Fridge,WHSD18F043C1 SAF,87257,19999,Hirschs 47th Anniversary Sale Feb-Mar 2026
Hirschs,Whirlpool,WHSD18A063C1 SAF Fridge,WHSD18A063C1 SAF,87256,19999,Hirschs 47th Anniversary Sale Feb-Mar 2026
Hirschs,Beko,84cm 530L French Door Fridge Inox,CNE60532DI,77003,21999,Hirschs 47th Anniversary Sale Feb-Mar 2026
Hirschs,Beko,90cm 512L Side By Side Dark Inox,GNO5321,86066,14999,Hirschs 47th Anniversary Sale Feb-Mar 2026
Hirschs,Beko,60cm 316L Combi Fridge,B3RCNE364HXB,82643,9999,Hirschs 47th Anniversary Sale Feb-Mar 2026
Hirschs,Beko,60cm 298L Upright Freezer Front Free,BSRMFNE314X,82827,12999,Hirschs 47th Anniversary Sale Feb-Mar 2026
Hirschs,Beko,60cm 365L Upright Fridge Front Free,BSRMLE444XR,82828,12999,Hirschs 47th Anniversary Sale Feb-Mar 2026
Hirschs,Beko,7kg Front Loader Washing Machine,BAW206,87068,5999,Hirschs 47th Anniversary Sale Feb-Mar 2026
Hirschs,Beko,10kg Front Loader Washing Machine,BAW205,87069,8999,Hirschs 47th Anniversary Sale Feb-Mar 2026
Hirschs,Beko,9kg Condenser Dryer Twilight Grey,B3T4113IW,81065,7999,Hirschs 47th Anniversary Sale Feb-Mar 2026
Hirschs,Beko,10kg Heat Pump Tumble Dryer,BST44139W,81138,10499,Hirschs 47th Anniversary Sale Feb-Mar 2026
Hirschs,Beko,10/6kg Washer Dryer,BWD200,81643,9999,Hirschs 47th Anniversary Sale Feb-Mar 2026
Hirschs,Beko,13 Place Dishwasher Twilight Grey,BOW202,84224,5999,Hirschs 47th Anniversary Sale Feb-Mar 2026
Hirschs,Beko,15 Place Dishwasher Inox,BOW203,87074,6999,Hirschs 47th Anniversary Sale Feb-Mar 2026
Hirschs,Beko,54cm Built In Combi Fridge,BCNA275E4FN,82821,14999,Hirschs 47th Anniversary Sale Feb-Mar 2026
Hirschs,Beko,14 Place Integrated Dishwasher,DIN48Q21,81645,9999,Hirschs 47th Anniversary Sale Feb-Mar 2026
Hirschs,Beko,Fully Automatic Coffee Machine CafeExperto,CEG 7404 CJ,85157,6999,Hirschs 47th Anniversary Sale Feb-Mar 2026
Hirschs,Beko,90cm Twin Fan Oven Black,BBWMT2290XS,87586,15499,Hirschs 47th Anniversary Sale Feb-Mar 2026
Hirschs,Beko,90cm Gas on Glass Hob Black,NACM90BQ,87588,7999,Hirschs 47th Anniversary Sale Feb-Mar 2026
Hirschs,Beko,90cm Inclined Hood Black Glass,BCH1900B,87587,5499,Hirschs 47th Anniversary Sale Feb-Mar 2026
Hirschs,Beko,60cm Steam Assisted Oven AER@perfect,BBHS13000XMSE,83386,7499,Hirschs 47th Anniversary Sale Feb-Mar 2026
Hirschs,Beko,65cm Gas on Glass Black Hob,NACM131,81642,4999,Hirschs 47th Anniversary Sale Feb-Mar 2026
Hirschs,Beko,60cm Black Glass Inclined Hood,BHCA24Z2BBH0,83017,3499,Hirschs 47th Anniversary Sale Feb-Mar 2026
Hirschs,Beko,25L Microwave Oven with Grill Black,BMCB25433X,79746,6999,Hirschs 47th Anniversary Sale Feb-Mar 2026
Hirschs,Beko,60cm Stainless Steel Multifunction Built-in Oven,BBOF26300X,76998,9999,Hirschs 47th Anniversary Sale Feb-Mar 2026
Hirschs,Beko,60cm Vitroceramic Hob Black,HCE64401,86103,3699,Hirschs 47th Anniversary Sale Feb-Mar 2026
Hirschs,Beko,60cm Chimney Hood Inox,HCR61310XH,87073,2199,Hirschs 47th Anniversary Sale Feb-Mar 2026
Hirschs,Falco,90cm Wall Mount Extractor FAL-90-SC3E,FAL-90-SC3E,83024,7999,Hirschs 47th Anniversary Sale Feb-Mar 2026
Hirschs,Falco,90cm Island Extractor FAL-90-IS90A,FAL-90-IS90A,78179,7999,Hirschs 47th Anniversary Sale Feb-Mar 2026
Hirschs,Falco,90cm Semi Integrated Extractor FAL-90-T62ST,FAL-90-T62ST,83025,4299,Hirschs 47th Anniversary Sale Feb-Mar 2026
Hirschs,Falco,75cm Fully Integrated Extractor,FAL-75-BIS,59554,7499,Hirschs 47th Anniversary Sale Feb-Mar 2026
Hirschs,Falco,90cm Fully Integrated Extractor,FAL-90-BIG-B,85772,9499,Hirschs 47th Anniversary Sale Feb-Mar 2026
Hirschs,Falco,90cm Wall Mount Extractor AR-90-90SS,AR-90-90SS,64949,1999,Hirschs 47th Anniversary Sale Feb-Mar 2026
Hirschs,Falco,Wall Mount Extractor FAL-90-CIST,FAL-90-CIST,86537,2999,Hirschs 47th Anniversary Sale Feb-Mar 2026
Hirschs,Falco,Wall Mount Extractor FAL-90-CGS,FAL-90-CGS,63846,4399,Hirschs 47th Anniversary Sale Feb-Mar 2026
Hirschs,Falco,Wall Mount Extractor AR-90-303,AR-90-303,64932,4999,Hirschs 47th Anniversary Sale Feb-Mar 2026
Hirschs,Falco,Wall Mount Extractor FAL-90-111,FAL-90-111,64951,8999,Hirschs 47th Anniversary Sale Feb-Mar 2026
Hirschs,Falco,Wall Mount Extractor FAL-90-30BG,FAL-90-30BG,59599,9499,Hirschs 47th Anniversary Sale Feb-Mar 2026
Hirschs,Falco,Wall Mount Extractor FAL-90-503D,FAL-90-503D,83022,9999,Hirschs 47th Anniversary Sale Feb-Mar 2026
Hirschs,Falco,Wall Mount Extractor FAL-90-F09,FAL-90-F09,83027,7599,Hirschs 47th Anniversary Sale Feb-Mar 2026
Hirschs,Falco,21L Commercial Microwave FAL-25E4R,FAL-25E4R,79473,5999,Hirschs 47th Anniversary Sale Feb-Mar 2026
Hirschs,Falco,100cm Ceiling Extractor FAL-100-38WH,FAL-100-38WH,83029,15999,Hirschs 47th Anniversary Sale Feb-Mar 2026
Hirschs,Falco,90cm Down Draft Extractor FAL-90-DDG,FAL-90-DDG,59565,18999,Hirschs 47th Anniversary Sale Feb-Mar 2026
Hirschs,Falco,90cm Down Draft Extractor FAL-90-DDG-BG,FAL-90-DDG-BG,87451,18999,Hirschs 47th Anniversary Sale Feb-Mar 2026
Hirschs,Dyson,Airwrap Co-anda 2x Multi-styler,,87845,11999,Hirschs 47th Anniversary Sale Feb-Mar 2026
Hirschs,Dyson,Airwrap i.d. Multi-Styler,,87433,11499,Hirschs 47th Anniversary Sale Feb-Mar 2026
Hirschs,Dyson,Supersonic Nural Hair Dryer,,87532,7999,Hirschs 47th Anniversary Sale Feb-Mar 2026
Hirschs,Dyson,Airstrait Straightener,,87089,9999,Hirschs 47th Anniversary Sale Feb-Mar 2026
Hirschs,Dyson,Purifier Hot+Cool HP2 De-NOx,,84700,16499,Hirschs 47th Anniversary Sale Feb-Mar 2026
Hirschs,Dyson,Purifier Cool Gen1,,83790,11499,Hirschs 47th Anniversary Sale Feb-Mar 2026
Hirschs,Dyson,V8 Cordless Vacuum,,84480,6999,Hirschs 47th Anniversary Sale Feb-Mar 2026
Hirschs,Dyson,V15 Detect Absolute Cordless Vacuum,,82784,12999,Hirschs 47th Anniversary Sale Feb-Mar 2026
Hirschs,Dyson,V15s Detect Submarine Cordless Vacuum,,83830,15499,Hirschs 47th Anniversary Sale Feb-Mar 2026
Hirschs,Dyson,WashG1 Wet Cleaner,,84730,12999,Hirschs 47th Anniversary Sale Feb-Mar 2026
Hirschs,DeLonghi,Dedica Duo Full Metal EC990.M,EC990.M,,4999,Hirschs 47th Anniversary Sale Feb-Mar 2026
Hirschs,DeLonghi,Ballerina Sets Breakfast Sets KBD63001/CTD54003,,,1999,Hirschs 47th Anniversary Sale Feb-Mar 2026
Hirschs,DeLonghi,PrimaDonna Aromatic ECAM630.75.TM,ECAM630.75.TM,86660,27999,Hirschs 47th Anniversary Sale Feb-Mar 2026
Hirschs,DeLonghi,Magnifica Plus ECAM320.61.G,ECAM320.61.G,83804,14299,Hirschs 47th Anniversary Sale Feb-Mar 2026
Hirschs,DeLonghi,Stilosa Pump Espresso EC260.BK,EC260.BK,80180,2299,Hirschs 47th Anniversary Sale Feb-Mar 2026
Hirschs,DeLonghi,Hot & Cold Coffee Glasses Collection DLSC326,DLSC326,84643,1199,Hirschs 47th Anniversary Sale Feb-Mar 2026
Hirschs,DeLonghi,S/Steel Travel Mug 470ml DLSC073,DLSC073,86043,369,Hirschs 47th Anniversary Sale Feb-Mar 2026
Hirschs,DeLonghi,Coffee Tamper DLSC058,DLSC058,74491,349,Hirschs 47th Anniversary Sale Feb-Mar 2026
Hirschs,DeLonghi,Coffee Knock Out Box DLSC084,DLSC084,87081,329,Hirschs 47th Anniversary Sale Feb-Mar 2026
Hirschs,DeLonghi,2x Cappuccino Glasses 270ml DLSC311,DLSC311,38117,249,Hirschs 47th Anniversary Sale Feb-Mar 2026
Hirschs,DeLonghi,2x Espresso Glasses 90ml DLSC310,DLSC310,38116,169,Hirschs 47th Anniversary Sale Feb-Mar 2026
Hirschs,Kenwood,Titanium Chef Baker XL KVL85.594SI,KVL85.594SI,87191,10999,Hirschs 47th Anniversary Sale Feb-Mar 2026
Hirschs,Kenwood,Titanium Chef Baker XL KVL85.004WH,KVL85.004WH,82065,6499,Hirschs 47th Anniversary Sale Feb-Mar 2026
Hirschs,Kenwood,HomeBake with Blender KHH01.820SI,KHH01.820SI,83387,2199,Hirschs 47th Anniversary Sale Feb-Mar 2026
Hirschs,Kenwood,25L Airfryer Oven Stainless Steel MOA26.600SS,MOA26.600SS,80827,2299,Hirschs 47th Anniversary Sale Feb-Mar 2026
Hirschs,Kenwood,Dual Air Fryer 9L with Windows HF936.009BK,HF936.009BK,85268,1799,Hirschs 47th Anniversary Sale Feb-Mar 2026
Hirschs,Kenwood,9L Air Fryer with Grill Function & Window HFG92.000BK,HFG92.000BK,86977,1199,Hirschs 47th Anniversary Sale Feb-Mar 2026
Hirschs,Braun,MultiQuick 7 MQ7048X,MQ7048X,81453,1199,Hirschs 47th Anniversary Sale Feb-Mar 2026
Hirschs,Braun,Cordless Glass Kettle 1.7L ZJI08.000CL,ZJI08.000CL,81334,469,Hirschs 47th Anniversary Sale Feb-Mar 2026
Hirschs,Braun,Handmix Lite Hand Mixer Silver HMP30.A0SI,HMP30.A0SI,86698,579,Hirschs 47th Anniversary Sale Feb-Mar 2026
Hirschs,Braun,Blend n Heat High Power Blender BLM92.920SS,BLM92.920SS,79156,2299,Hirschs 47th Anniversary Sale Feb-Mar 2026
Hirschs,Braun,MultiQuick 7 MQ7087X,MQ7087X,75561,2499,Hirschs 47th Anniversary Sale Feb-Mar 2026
Hirschs,Nespresso,Citiz&Milk,,79235,3999,Hirschs 47th Anniversary Sale Feb-Mar 2026
Hirschs,Nespresso,Lattissima One,,77536,4999,Hirschs 47th Anniversary Sale Feb-Mar 2026
Hirschs,Nespresso,Lattissima One,,77514,4999,Hirschs 47th Anniversary Sale Feb-Mar 2026
Hirschs,Nespresso,Gran Lattissima,,79690,7599,Hirschs 47th Anniversary Sale Feb-Mar 2026
Hirschs,Nespresso,Gran Lattissima,,80143,7599,Hirschs 47th Anniversary Sale Feb-Mar 2026
Hirschs,Nespresso,Creatista Plus,,86638,7599,Hirschs 47th Anniversary Sale Feb-Mar 2026
Hirschs,Nespresso,Vertuo Lattissima,,82782,8499,Hirschs 47th Anniversary Sale Feb-Mar 2026
Hirschs,Nespresso,Vertuo Creatista,,82783,9999,Hirschs 47th Anniversary Sale Feb-Mar 2026
Hirschs,Philips,Espresso Machine Series 5400,,,5999,Hirschs 47th Anniversary Sale Feb-Mar 2026
Hirschs,Philips,Espresso Machine Series 3300,,,7999,Hirschs 47th Anniversary Sale Feb-Mar 2026
Hirschs,Philips,Espresso Machine Series 2200,,,10999,Hirschs 47th Anniversary Sale Feb-Mar 2026
Hirschs,Philips,Espresso Machine Series 5500,,,13999,Hirschs 47th Anniversary Sale Feb-Mar 2026
Hirschs,Philips,Saeco PicoBaristo,,,14999,Hirschs 47th Anniversary Sale Feb-Mar 2026
Hirschs,Philips,Series 1200 Blue Smart UV,,,399,Hirschs 47th Anniversary Sale Feb-Mar 2026
Hirschs,Philips,Perfect Care Steam Generator,,,749,Hirschs 47th Anniversary Sale Feb-Mar 2026
Hirschs,Philips,Philips Series 3000 100bar,,,399,Hirschs 47th Anniversary Sale Feb-Mar 2026
Hirschs,Philips,Series 5000 Wet/Dry Shaver,,,2299,Hirschs 47th Anniversary Sale Feb-Mar 2026
Hirschs,Philips,Sonicare ProtectiveClean,,,2559,Hirschs 47th Anniversary Sale Feb-Mar 2026
Hirschs,Hobot,Legee-Q10 Robot Vacuum Cleaner & Mop,,85247,6999,Hirschs 47th Anniversary Sale Feb-Mar 2026
Hirschs,Hobot,Legee-D8 Robot Vacuum Cleaner And Mop,,82125,7999,Hirschs 47th Anniversary Sale Feb-Mar 2026
Hirschs,Solenco,5L Low Energy Dehumidifier,,82141,2799,Hirschs 47th Anniversary Sale Feb-Mar 2026
Hirschs,Meaco,260c Cordless Fan,,79216,699,Hirschs 47th Anniversary Sale Feb-Mar 2026
Hirschs,Meaco,650 Air Circulator,,82703,2299,Hirschs 47th Anniversary Sale Feb-Mar 2026
Hirschs,Meaco,1056P Pedestal Air Circulator,,74360,3499,Hirschs 47th Anniversary Sale Feb-Mar 2026
Hirschs,Instant Pot,Instant Pot Pro Smart Cooker,,79411,2999,Hirschs 47th Anniversary Sale Feb-Mar 2026
Hirschs,Instant Pot,Instant Pot Duo 7-in-1 8L Smart Cooker,,72227,2599,Hirschs 47th Anniversary Sale Feb-Mar 2026
Hirschs,Laifen,SE Lite High Performance Hairdryer,,86117,1699,Hirschs 47th Anniversary Sale Feb-Mar 2026
Hirschs,Instant Vortex,Instant Vortex Plus 5.7L Airfryer,,79188,2099,Hirschs 47th Anniversary Sale Feb-Mar 2026
Hirschs,Instant Vortex,Vortex Plus 8.5L VersaZone 8-in-1 Air Fryer,,80276,3399,Hirschs 47th Anniversary Sale Feb-Mar 2026
Hirschs,Salton,30L Black Mini Kitchen,,786,1299,Hirschs 47th Anniversary Sale Feb-Mar 2026
Hirschs,Salton,Biltong Maker,,79238,389,Hirschs 47th Anniversary Sale Feb-Mar 2026
Hirschs,Salton,28cm Square Grillpan,,83804,469,Hirschs 47th Anniversary Sale Feb-Mar 2026
Hirschs,Salton,8L Stainless Steel Urn,,2193,1399,Hirschs 47th Anniversary Sale Feb-Mar 2026
Hirschs,Salton,1.7L Cordless Glass Kettle,,8014,379,Hirschs 47th Anniversary Sale Feb-Mar 2026
Hirschs,Salton,Black 16pc Cutlery Set,,82299,599,Hirschs 47th Anniversary Sale Feb-Mar 2026
Hirschs,Salton,6 Piece Stainless Steel Stackable Pot Set,,82811,749,Hirschs 47th Anniversary Sale Feb-Mar 2026
Hirschs,Salton,40cm Floor Fan,,66557,849,Hirschs 47th Anniversary Sale Feb-Mar 2026
Hirschs,Salton,"16"" (40cm) Mist Fan",,84673,1999,Hirschs 47th Anniversary Sale Feb-Mar 2026
Hirschs,Hoover,Powerdash Carpet Washer,,84971,3499,Hirschs 47th Anniversary Sale Feb-Mar 2026
Hirschs,Hoover,Stick Vacuum Cordless,,86187,2499,Hirschs 47th Anniversary Sale Feb-Mar 2026
Hirschs,Hoover,Wet & Dry Handheld Vacuum,,75918,999,Hirschs 47th Anniversary Sale Feb-Mar 2026
Hirschs,Hoover,ECO Cylinder Vacuum Cleaner,,85235,2199,Hirschs 47th Anniversary Sale Feb-Mar 2026
Hirschs,Hoover,35l Wet & Dry Vacuum Cleaner,,80995,1499,Hirschs 47th Anniversary Sale Feb-Mar 2026
Hirschs,Hoover,Cleanside Complete Spot Washer,,84972,3499,Hirschs 47th Anniversary Sale Feb-Mar 2026
Hirschs,Nutribullet,McLaren Portable Blender,,87438,1799,Hirschs 47th Anniversary Sale Feb-Mar 2026
Hirschs,Nutribullet,McLaren Papaya Portable Blender,,87437,1799,Hirschs 47th Anniversary Sale Feb-Mar 2026
Hirschs,Nutribullet,900W Series McLaren Limited Edition Pro,,,2799,Hirschs 47th Anniversary Sale Feb-Mar 2026
Hirschs,Nutribullet,Ultra Blender,,82649,3299,Hirschs 47th Anniversary Sale Feb-Mar 2026
Hirschs,Nutribullet,Pro+ 1200W High Speed Blender,,82746,3299,Hirschs 47th Anniversary Sale Feb-Mar 2026
Hirschs,Nutribullet,900 Series Pro MATTE Black,,82308,2399,Hirschs 47th Anniversary Sale Feb-Mar 2026
Hirschs,Nutribullet,Triple Prep System,,87852,7499,Hirschs 47th Anniversary Sale Feb-Mar 2026
Hirschs,Nutribullet,Smart Sense Blender Combo,,87853,4299,Hirschs 47th Anniversary Sale Feb-Mar 2026
Hirschs,Nutribullet,600W Juicer,,79936,2799,Hirschs 47th Anniversary Sale Feb-Mar 2026
Hirschs,Kuvings,KUVINGS AUTO 6,,,5299,Hirschs 47th Anniversary Sale Feb-Mar 2026
Hirschs,Kuvings,KUVINGS REVO830,,,8699,Hirschs 47th Anniversary Sale Feb-Mar 2026
Hirschs,Kuvings,KUVINGS AUTO 10,,,9999,Hirschs 47th Anniversary Sale Feb-Mar 2026
Hirschs,Sodastream,ENSO Stainless Steel Sparkling Water Maker,,85675,2999,Hirschs 47th Anniversary Sale Feb-Mar 2026
Hirschs,Sodastream,ART Sparkling Water Maker,,,1599,Hirschs 47th Anniversary Sale Feb-Mar 2026
Hirschs,Sodastream,TERRA Sparkling Water Maker,,,1299,Hirschs 47th Anniversary Sale Feb-Mar 2026
Hirschs,Sodastream,GAIA Sparkling Water Maker,,85425,999,Hirschs 47th Anniversary Sale Feb-Mar 2026
Hirschs,Sodastream,TRIO PACK Slim Carbonating Bottles 1L,,,149,Hirschs 47th Anniversary Sale Feb-Mar 2026
Hirschs,Sodastream,TWIN PACK Slim Carbonating Bottles 1L,,,199,Hirschs 47th Anniversary Sale Feb-Mar 2026
Hirschs,Sodastream,FIZZ & GO Insulated Stainless Steel Bottle 900ml,,,399,Hirschs 47th Anniversary Sale Feb-Mar 2026
Hirschs,Sodastream,Spare CO2 Cylinder Quick Connect,,,449,Hirschs 47th Anniversary Sale Feb-Mar 2026
Hirschs,Sodastream,Spare CO2 Cylinder Screw In,,,449,Hirschs 47th Anniversary Sale Feb-Mar 2026
Hirschs,Russell Hobbs,20L Stainless Steel Electronic Microwave,,82132,1099,Hirschs 47th Anniversary Sale Feb-Mar 2026
Hirschs,Russell Hobbs,30L Silver Airfryer Oven,,85615,2899,Hirschs 47th Anniversary Sale Feb-Mar 2026
Hirschs,Russell Hobbs,30L Black Airfryer Oven,,86544,2899,Hirschs 47th Anniversary Sale Feb-Mar 2026
Hirschs,Russell Hobbs,11L Dual Stack Air Fryer,,87593,1999,Hirschs 47th Anniversary Sale Feb-Mar 2026
Hirschs,Russell Hobbs,6L Electric Pressure Cooker,,87279,1099,Hirschs 47th Anniversary Sale Feb-Mar 2026
Hirschs,Russell Hobbs,Sandwich Press,,1583,899,Hirschs 47th Anniversary Sale Feb-Mar 2026
Hirschs,Russell Hobbs,4 Slice Sandwich Maker,,81985,649,Hirschs 47th Anniversary Sale Feb-Mar 2026
Hirschs,Russell Hobbs,Silver Nexus Digital Coffee Maker,,85306,1099,Hirschs 47th Anniversary Sale Feb-Mar 2026
Hirschs,Russell Hobbs,Black Nexus Digital Coffee Maker,,86180,1099,Hirschs 47th Anniversary Sale Feb-Mar 2026
Hirschs,Russell Hobbs,Nexus 1.5L Silver Jug Blender,,85222,1199,Hirschs 47th Anniversary Sale Feb-Mar 2026
Hirschs,Russell Hobbs,1.5L Glass Jug Blender Black,,86183,1199,Hirschs 47th Anniversary Sale Feb-Mar 2026
Hirschs,Russell Hobbs,1.7L Silver Nexus Cordless Kettle,,85375,999,Hirschs 47th Anniversary Sale Feb-Mar 2026
Hirschs,Russell Hobbs,Silver Nexus 4 Slice Toaster,,85376,999,Hirschs 47th Anniversary Sale Feb-Mar 2026
Hirschs,Russell Hobbs,1.7L Black Cordless Kettle,,85374,999,Hirschs 47th Anniversary Sale Feb-Mar 2026
Hirschs,Russell Hobbs,Black Nexus 4 Slice Toaster,,85372,999,Hirschs 47th Anniversary Sale Feb-Mar 2026
Hirschs,Russell Hobbs,4 Slice Stainless Steel Toaster,,66140,1099,Hirschs 47th Anniversary Sale Feb-Mar 2026
Hirschs,Russell Hobbs,LED Pepper and Salt Mills Set,,87937,409,Hirschs 47th Anniversary Sale Feb-Mar 2026
Hirschs,Russell Hobbs,500W Stick Blender,,2513,899,Hirschs 47th Anniversary Sale Feb-Mar 2026
Hirschs,Russell Hobbs,Foldable Drying Rack,,83921,1099,Hirschs 47th Anniversary Sale Feb-Mar 2026
Hirschs,Russell Hobbs,Ironing Deluxe,,78102,1599,Hirschs 47th Anniversary Sale Feb-Mar 2026
Hirschs,Russell Hobbs,Ironing Board,,74668,949,Hirschs 47th Anniversary Sale Feb-Mar 2026
Hirschs,Russell Hobbs,One Temp Iron,,78510,899,Hirschs 47th Anniversary Sale Feb-Mar 2026
Hirschs,Russell Hobbs,Easy-Glide Steam Spray Dry Iron 2400W,,8735,469,Hirschs 47th Anniversary Sale Feb-Mar 2026
Hirschs,Snappy Chef,6pc Snack Set,,,1199,Hirschs 47th Anniversary Sale Feb-Mar 2026
Hirschs,Snappy Chef,Elite Snapper set,,,2699,Hirschs 47th Anniversary Sale Feb-Mar 2026
Hirschs,Snappy Chef,3 Burner Gas Stove Top,,,2799,Hirschs 47th Anniversary Sale Feb-Mar 2026
Hirschs,Snappy Chef,7 Piece Kitchen Set Stove,,,3799,Hirschs 47th Anniversary Sale Feb-Mar 2026
Hirschs,Snappy Chef,4pc Platinum Cast-Iron Set,,,1499,Hirschs 47th Anniversary Sale Feb-Mar 2026
Hirschs,Snappy Chef,7 Piece Supreme Cast Iron Set,,,3999,Hirschs 47th Anniversary Sale Feb-Mar 2026
Hirschs,Snappy Chef,10pc Supreme Cast Iron Set,,,3699,Hirschs 47th Anniversary Sale Feb-Mar 2026
Hirschs,Snappy Chef,7 Piece Supreme Cookware Set,,,2899,Hirschs 47th Anniversary Sale Feb-Mar 2026
Hirschs,Karcher,K2 Entry Pressure Washer,,,1999,Hirschs 47th Anniversary Sale Feb-Mar 2026
Hirschs,Karcher,K3 Premium Pressure Washer,,,5499,Hirschs 47th Anniversary Sale Feb-Mar 2026
Hirschs,Karcher,K4 Compact Pressure Washer,,,1499,Hirschs 47th Anniversary Sale Feb-Mar 2026
Hirschs,Karcher,K5 Premium Pressure Washer,,,1799,Hirschs 47th Anniversary Sale Feb-Mar 2026
Hirschs,Karcher,WD 3 Wet & Dry Vacuum,,,2599,Hirschs 47th Anniversary Sale Feb-Mar 2026
Hirschs,Karcher,WD 5 Premium Wet & Dry Vacuum,,,3599,Hirschs 47th Anniversary Sale Feb-Mar 2026
Hirschs,Karcher,SC 2 Easy Fix Steam Cleaner,,,2199,Hirschs 47th Anniversary Sale Feb-Mar 2026
Hirschs,Karcher,SC 3 Easy Fix Steam Cleaner,,,2599,Hirschs 47th Anniversary Sale Feb-Mar 2026
Hirschs,Karcher,WV 2 Window Vac,,,7999,Hirschs 47th Anniversary Sale Feb-Mar 2026
Hirschs,Verimark,Genesis Robovac II,,86764,3799,Hirschs 47th Anniversary Sale Feb-Mar 2026
Hirschs,Verimark,Genesis Nutrimax Blender,,87714,1799,Hirschs 47th Anniversary Sale Feb-Mar 2026
Hirschs,Verimark,Twista 6-in-1 Chopper,,84229,2279,Hirschs 47th Anniversary Sale Feb-Mar 2026
Hirschs,Verimark,Floorwiz Spintech Pro,,80287,699,Hirschs 47th Anniversary Sale Feb-Mar 2026
Hirschs,Verimark,Genesis Cordless Tri-Brush,,86515,599,Hirschs 47th Anniversary Sale Feb-Mar 2026
Hirschs,Verimark,Bauer Apex 5pc Pot Set,,81343,1199,Hirschs 47th Anniversary Sale Feb-Mar 2026
Hirschs,Verimark,Genesis Hydrovac Plus II,,85701,2499,Hirschs 47th Anniversary Sale Feb-Mar 2026
Hirschs,Verimark,Genesis Cordless Turbovac,,85448,2999,Hirschs 47th Anniversary Sale Feb-Mar 2026
Hirschs,Verimark,Genesis Mega Steam Iron,,,899,Hirschs 47th Anniversary Sale Feb-Mar 2026
Hirschs,Tefal,26cm Access Pancake Pan,,84461,279,Hirschs 47th Anniversary Sale Feb-Mar 2026
Hirschs,Tefal,24cm Black Access Frypan,,83374,269,Hirschs 47th Anniversary Sale Feb-Mar 2026
Hirschs,Tefal,28cm Access Frypan,,83375,299,Hirschs 47th Anniversary Sale Feb-Mar 2026
Hirschs,Tefal,30cm Access Frypan,,83376,349,Hirschs 47th Anniversary Sale Feb-Mar 2026
Hirschs,Tefal,16PC Champagne Pot Set,,86993,3299,Hirschs 47th Anniversary Sale Feb-Mar 2026
Hirschs,Tefal,7PC Super Cook Pot Set,,85860,1499,Hirschs 47th Anniversary Sale Feb-Mar 2026
Hirschs,Krups,Oval Coffee Bean Grinder,,12890,529,Hirschs 47th Anniversary Sale Feb-Mar 2026
Hirschs,Krups,Grind Expert,,6788,1199,Hirschs 47th Anniversary Sale Feb-Mar 2026
Hirschs,Krups,251L Black Waffle Maker,,79158,1499,Hirschs 47th Anniversary Sale Feb-Mar 2026
Hirschs,Grafton Everest,Camelia 3-2-1 Action in Addo,,78631,22999,Hirschs 47th Anniversary Sale Feb-Mar 2026
Hirschs,Grafton Everest,Barbados 5 Piece Grounded Cob3 Grey,,,22999,Hirschs 47th Anniversary Sale Feb-Mar 2026
Hirschs,AtlantiCape,Norway grey corner lounge suite,,65758,14999,Hirschs 47th Anniversary Sale Feb-Mar 2026
Hirschs,AtlantiCape,Panache Rocha Crystal Grey Fabric Lounge Suite,,75663,17999,Hirschs 47th Anniversary Sale Feb-Mar 2026
Hirschs,Calgan,4 Piece Chaise Console Bomber Java Lounge Suite,,81446,11999,Hirschs 47th Anniversary Sale Feb-Mar 2026
Hirschs,Calgan,Single Recliner Brown Leather Uppers,,82568,5999,Hirschs 47th Anniversary Sale Feb-Mar 2026
Hirschs,Calgan,Single Recliner Bomber Java,,82195,4999,Hirschs 47th Anniversary Sale Feb-Mar 2026
Hirschs,Earthline,Kingsley 5 Piece Corner Dakar Chocolate,,83822,24999,Hirschs 47th Anniversary Sale Feb-Mar 2026
Hirschs,Bissell,CrossWave HydroSteam Multi-surface cleaner,,83102,9999,Hirschs 47th Anniversary Sale Feb-Mar 2026
Hirschs,Bissell,ProHeat 2x Revolution Carpet cleaner,,63101,8999,Hirschs 47th Anniversary Sale Feb-Mar 2026
Hirschs,Bissell,SpotClean TruHeat Upholstery & stain cleaner,,87780,6799,Hirschs 47th Anniversary Sale Feb-Mar 2026
Hirschs,Bissell,Spot & Stain Solution 1lt,,83174,399,Hirschs 47th Anniversary Sale Feb-Mar 2026
Hirschs,Bissell,Multi-Surface Solution 1lt,,83180,399,Hirschs 47th Anniversary Sale Feb-Mar 2026
Hirschs,Legend,Classique Red 750ml (4 pack),,75389,249,Hirschs 47th Anniversary Sale Feb-Mar 2026
Hirschs,Legend,Classique White Wine Glasses (4 pack),,75349,259,Hirschs 47th Anniversary Sale Feb-Mar 2026
Hirschs,Legend,Classique Champagne (4 pack),,75391,249,Hirschs 47th Anniversary Sale Feb-Mar 2026
Hirschs,Legend,Master Chef 7-piece Cookware Set,,,1499,Hirschs 47th Anniversary Sale Feb-Mar 2026
Hirschs,Legend,Premium Can Opener,,,149,Hirschs 47th Anniversary Sale Feb-Mar 2026
Hirschs,LocknLock,Nestopia 3-piece Container Set,,82613,199,Hirschs 47th Anniversary Sale Feb-Mar 2026
Hirschs,LocknLock,Nestopia 5-piece Container Set,,82612,349,Hirschs 47th Anniversary Sale Feb-Mar 2026
Hirschs,Daikin,MC55W HEPA Air Purifier,H5008,,5999,Hirschs 47th Anniversary Sale Feb-Mar 2026
Hirschs,Samsung,WindFree Airconditioning,,,"Starting from R10,399",Hirschs 47th Anniversary Sale Feb-Mar 2026
Hirschs,Alliance,Emerald R32 Inverter Midwall Aircon,,H3209,"Starting from R7,499",Hirschs 47th Anniversary Sale Feb-Mar 2026
Hirschs,Alliance,Portable Aircon 12000BTU,,H1815,5499,Hirschs 47th Anniversary Sale Feb-Mar 2026
Hirschs,Comfee,Fixed speed Midwall aircon,,H8639,"Starting from R5,999",Hirschs 47th Anniversary Sale Feb-Mar 2026
Hirschs,Brabantia,Ironing board A Soothing Sea Small,,66800,1799,Hirschs 47th Anniversary Sale Feb-Mar 2026
Hirschs,Brabantia,Ironing board B Ice water Medium,,73102,1999,Hirschs 47th Anniversary Sale Feb-Mar 2026
Hirschs,Brabantia,Ironing board C Cotton Flower Large,,73884,2599,Hirschs 47th Anniversary Sale Feb-Mar 2026
Hirschs,Brabantia,Wash Bags Set Of 3,,80931,179,Hirschs 47th Anniversary Sale Feb-Mar 2026
Hirschs,JBL,Flip 7 Bluetooth Speaker,,85210,2199,Hirschs 47th Anniversary Sale Feb-Mar 2026
Hirschs,JBL,Charge 5 WiFi Portable WiFi And Bluetooth Speaker,,81450,4299,Hirschs 47th Anniversary Sale Feb-Mar 2026
Hirschs,JBL,Xtreme 4 Bluetooth Speaker,,83230,5999,Hirschs 47th Anniversary Sale Feb-Mar 2026
Hirschs,JBL,Boombox 3 Wi-Fi Speaker,,81401,9999,Hirschs 47th Anniversary Sale Feb-Mar 2026
Hirschs,JBL,PartyBox Club 120,,82710,6999,Hirschs 47th Anniversary Sale Feb-Mar 2026
Hirschs,JBL,3.1Ch SB580 440W Soundbar,,84950,5499,Hirschs 47th Anniversary Sale Feb-Mar 2026
Hirschs,JBL,BAR 800 M2 5.1.2-ch Soundbar,,87225,15999,Hirschs 47th Anniversary Sale Feb-Mar 2026
Hirschs,JBL,BAR1000 7.1.4-ch Soundbar,,82472,19999,Hirschs 47th Anniversary Sale Feb-Mar 2026
Hirschs,JBL,Bar 1300 11.1.4-ch Soundbar,,81142,25999,Hirschs 47th Anniversary Sale Feb-Mar 2026
