id,sku,name,missing,categories,permalink
33630,F03568,Trimmer Line Assorted Colors 2 x 10M,no image,"All Products, Garden &amp; Outdoor, Hardware",https://happyharvesting.co.za/product/trimmer-line-assorted-colors-2-x-10m/
33629,F00997,Cauking Gun Half Barrel,no image,"All Products, Hardware",https://happyharvesting.co.za/product/cauking-gun-half-barrel/
33606,F01368,Ladder House Wife 5 Step,no image,"All Products, Hardware, Ladders &amp; Access",https://happyharvesting.co.za/product/ladder-house-wife-5-step/
33605,F00981,Ladder House Wife 4 Step,no image,"All Products, Hardware, Ladders &amp; Access",https://happyharvesting.co.za/product/ladder-house-wife-4-step/
33584,F03095,MoHAIR Paint Roller &amp; Tray Set,no image,"All Products, Appliances, Hardware, Homeware, Painting &amp; Decorating, Small Appliances",https://happyharvesting.co.za/product/mohair-paint-roller-tray-set/
33581,F02582,Microfibre High Density Paint Roller &amp; Tray Set,no image,"All Products, Hardware, Painting &amp; Decorating",https://happyharvesting.co.za/product/microfibre-high-density-paint-roller-tray-set/
33578,F02904,Ruffer Pile Paint Roller &amp; Tray Set,no image,"All Products, Hardware, Painting &amp; Decorating",https://happyharvesting.co.za/product/ruffer-pile-paint-roller-tray-set/
33561,F03094,Masking Paper Tape For Painting 5CM x 20M,no image,"All Products, Hardware",https://happyharvesting.co.za/product/masking-paper-tape-for-painting-5cm-x-20m/
33558,F03145,Soft Pattern Designer Roller,no image,"All Products, Hardware, Painting &amp; Decorating",https://happyharvesting.co.za/product/soft-pattern-designer-roller/
33549,F03141,"Textured ""Pro"" Roller Blue Handle Best Quality/Durability",no image,"All Products, Hardware, Painting &amp; Decorating",https://happyharvesting.co.za/product/textured-pro-roller-blue-handle-best-quality-durability/
33548,F03142,"""Pro"" Roller Yellow Handle High Quality",no image,"All Products, Hardware, Painting &amp; Decorating",https://happyharvesting.co.za/product/pro-roller-yellow-handle-high-quality/
33525,F03106,"Paint Brush Wooden Lotus Handle Craftman 2"" - 50MM",no image,"All Products, Hardware, Painting &amp; Decorating",https://happyharvesting.co.za/product/paint-brush-wooden-lotus-handle-craftman-2-50mm/
33492,55Q7Q,"Hisense 55Q7Q 55"" 4K QLED Smart TV",no image,QLED TVs,https://happyharvesting.co.za/product/hisense-55q7q-55-4k-qled-smart-tv/
33447,65Q7Q,"Hisense 65Q7Q 65"" 4K Smart TV - Premium QLED Display",no image,QLED TVs,https://happyharvesting.co.za/product/hisense-65q7q-65-4k-smart-tv-premium-qled-display/
33444,55U7Q,"Hisense 55U7Q 55"" 4K Ultra HD Smart TV with Quantum Dot",no image,4K Smart TVs,https://happyharvesting.co.za/product/hisense-55u7q-55-4k-ultra-hd-smart-tv-with-quantum-dot/
33433,75U8Q,"Hisense 75U8Q 75"" 4K Mini-LED Smart TV",no image,4K Smart TVs,https://happyharvesting.co.za/product/hisense-75u8q-75-4k-mini-led-smart-tv/
33432,85U8Q,"Hisense 85U8Q 85"" 4K Mini-LED Smart TV with Quantum Dot",no image,Premium 4K Smart TVs,https://happyharvesting.co.za/product/hisense-85u8q-85-4k-mini-led-smart-tv-with-quantum-dot/
33429,116UX,Hisense 116UX RGB MiniLED TV - Premium 4K Smart Display,no image,Premium Large Format Displays,https://happyharvesting.co.za/product/hisense-116ux-rgb-miniled-tv-premium-4k-smart-display/
33428,83958,Cloud Nine 152cm Spine-Flex ET Base Set,no image,Bed Bases,https://happyharvesting.co.za/product/cloud-nine-152cm-spine-flex-et-base-set/
33427,85339,Miele Guard L1 Bagged Cylinder Vacuum Cleaner,no image,Vacuum Cleaners,https://happyharvesting.co.za/product/miele-guard-l1-bagged-cylinder-vacuum-cleaner/
33426,86697,DeLonghi PrimaDonna Aromatic Bean-to-Cup Coffee Machine,no image,Espresso Machines,https://happyharvesting.co.za/product/delonghi-primadonna-aromatic-bean-to-cup-coffee-machine/
33423,85454,Hisense 12kg Wash Block 2 in 1 Washer Dryer Combo,no image,Washer Dryer Combos,https://happyharvesting.co.za/product/hisense-12kg-wash-block-2-in-1-washer-dryer-combo/
33422,,Smeg 90cm Cooker with Gas Hob - Premium Stainless Steel,no image,Gas Cookers,https://happyharvesting.co.za/product/smeg-90cm-cooker-with-gas-hob-premium-stainless-steel/
33419,H3319,Samsung 12000BTU R32 Inverter Air Conditioner,no image,Air Conditioning Units,https://happyharvesting.co.za/product/samsung-12000btu-r32-inverter-air-conditioner/
30942,MA1XCJ30837-30942,Kristal Antislip Toilet Set - 06,no price,"Carpets, Mats &amp; Rugs, Decor, Homeware",https://happyharvesting.co.za/product/kristal-antislip-toilet-set-06/
30837,MA1XCJ30837,Kristal Royal Toilet Set - 01,no price,"Carpets, Mats &amp; Rugs, Decor, Homeware",https://happyharvesting.co.za/product/kristal-royal-toilet-set-01/
30908,MA1XCJ30837-30908,Kristal Antislip Toilet Set - 01,no price,"Carpets, Mats &amp; Rugs, Decor, Homeware",https://happyharvesting.co.za/product/kristal-antislip-toilet-set-01/
30922,MA1XCJ30837-30922,Kristal Antislip Toilet Set - 02,no price,"Carpets, Mats &amp; Rugs, Decor, Homeware",https://happyharvesting.co.za/product/kristal-antislip-toilet-set-02/
30926,MA1XCJ30837-30926,Kristal Antislip Toilet Set - 03,no price,"Carpets, Mats &amp; Rugs, Decor, Homeware",https://happyharvesting.co.za/product/kristal-antislip-toilet-set-03/
30932,MA1XCJ30837-30932,Kristal Antislip Toilet Set - 04,no price,"Carpets, Mats &amp; Rugs, Decor, Homeware",https://happyharvesting.co.za/product/kristal-antislip-toilet-set-04/
30936,MA1XCJ30837-30936,Kristal Antislip Toilet Set - 05,no price,"Carpets, Mats &amp; Rugs, Decor, Homeware",https://happyharvesting.co.za/product/kristal-antislip-toilet-set-05/
30946,MA1XCJ30837-30946,Kristal Antislip Toilet Set - 07,no price,"Carpets, Mats &amp; Rugs, Decor, Homeware",https://happyharvesting.co.za/product/kristal-antislip-toilet-set-07/
30950,MA1XCJ30837-30950,Kristal Antislip Toilet Set - 08,no price,"Carpets, Mats &amp; Rugs, Decor, Homeware",https://happyharvesting.co.za/product/kristal-antislip-toilet-set-08/
30954,MA1XCJ30837-30954,Kristal Antislip Toilet Set - 09,no price,"Carpets, Mats &amp; Rugs, Decor, Homeware",https://happyharvesting.co.za/product/kristal-antislip-toilet-set-09/
30958,MA1XCJ30837-30958,Kristal Antislip Toilet Set - 10,no price,"Carpets, Mats &amp; Rugs, Decor, Homeware",https://happyharvesting.co.za/product/kristal-antislip-toilet-set-10/
17428,DKKRV17428,Tupperware Eco Bottle 500ml,no price,"Bottles, Drinkware, Homeware, Tupperware, Under R99",https://happyharvesting.co.za/product/tupperware-eco-bottle-500ml/
