sku,name,wholesale_price,retail_price,brand
F02220,"Scraper TPR Handle (Putty Knife) 1"" = 25MM",,8.95,
F02221,"Scraper TPR Handle (Putty Knife) 5"" = 125MM",,11.95,
F02222,"Scraper TPR Handle (Putty Knife) 6"" = 150MM",,12.95,
F02237,"Trowel Bricklaying TRP Handle Pointed 6""",,19.95,
F02238,"Trowel Bricklaying TRP Handle Pointed 8""",,26.95,
F02239,"Trowel Bricklaying TRP Handle Pointed 10""",,27.95,
F02235,"Trowel Bricklaying TRP Handle Rounded 6""",,19.95,
F02236,"Trowel Bricklaying TRP Handle Rounded 8""",,24.95,
F02233,"Trowel Bricklaying Wooden Handle 6""",,16.95,
F02234,"Trowel Bricklaying Wooden Handle 10""",,28.95,
F00951,Trowel Plain Good Qlty F-Glass Handle,,29.5,DE KOK
F01339,Trowel Tiler's F-Glass Handle Good Quality 6MM,,29.5,ALCO
F01340,Trowel Tiler's F-Glass Handle Good Quality 10MM,,29.95,ALCO
F02240,Trowel Plastic 280MM x 130,,19.95,
F02211,Trowel Plain Wooden Handle,,32.95,
F00920,"Plier Long Nose Carded 6"" - 152.4MM",,29.95,ALCO
F00922,"Plier Long Nose Carded 8"" - 203.2MM",,42.95,ALCO
F00914,"Plier Combination 6"" - 152.4MM",,31.95,ALCO
F00916,"Plier Combination 8"" - 203.2MM",,43.95,ALCO
F02215,Plier Locking 250MM,,49.95,ALCO
F00917,"Plier Side Cutter Carded 6""",,31.95,ALCO
F00919,"Plier Side Cutter Carded 8""",,42.95,ALCO
F00923,Budget Plier 3PCE Set,79.95,99.95,ALCO
F02224,Chalk Line Plastic Case + Powder & Leveler 15M,,28.95,
F02596,"G Clamp 1""",,14.49,ALCO
F02599,"G Clamp 4""",,44.95,ALCO
F02597,"G Clamp 2""",,18.95,ALCO
F02600,"G Clamp 5""",,56.95,ALCO
F02603,"G Clamp 10""",,149.95,ALCO
F02598,"G Clamp 3""",,32.95,ALCO
F02601,"G Clamp 6""",,74.95,ALCO
F02604,"G Clamp 12""",,189.95,ALCO
F01621,Cauking Gun Pro Plastic,,29.95,ALCO
F01367,Ladder House Wife 2 Step,345.0,369.0,
F00980,Ladder House Wife 3 Step,,,
F02216,Hacksaw Junior,,13.5,ALCO
F00935,Hacksaw Plastic Handle,,19.95,
F02217,Hacksaw Square Tube Frame 300MM,,29.95,ALCO
F00936,Hacksaw Metal Handle,,34.95,
F01626,Hacksaw Better Qlty,,37.95,
F02246,Hacksaw Pro Aluminium Angle Cutting,,99.0,ALCO
F02226,Blades Hacksaw Flexible 10's 300MM,,41.89,
F02213,Plier Water Pump 250MM,,64.95,
F02214,Plier Tower Pincer 230MM,,34.95,
F02245,Wrench Pipe 250MM,,75.95,
F02244,Square Rafter Industrial 400x600MM,,40.95,
F02228,"Adjustable Wrench 10""",,53.95,ALCO
F02229,"Adjustable Wrench 12""",,65.95,ALCO
F01619,Mallet Rubber White,,29.95,
F01620,Mallet Rubber Black,,28.95,
F00928,Claw Hammer Wdn Hndl,,42.95,
F00930,Claw Hammer Fibreglass Handle,,44.95,ALCO
F00931,Claw Hammer Tubular Handle 16oz Forged,,42.95,
F01005,Claw Hammer All Steel 16oz Forged,,78.95,
F02202,Roofing Hammer Plastic Handle Forged,,64.95,ALCO
F02201,Skutch Hammer Plastic Hndl Forged,,85.95,ALCO
F02230,Wood Chisel 6mm Plastic Handle,,25.95,ALCO
F02231,Wood Chisel 12mm Plastic Handle,,27.95,ALCO
F02232,Wood Chisel 24mm Plastic Handle,,33.95,ALCO
F01625,Working Chisel 18mm,,27.95,ALCO
F01622,Stone Chisel 250 x 18,,27.95,
F01623,Stone Chisel 300 x 18,,29.95,
F01624,Stone Chisel 350 x 18,,30.95,
F01617,Wood Working Chisel Better Quality 4pce,,155.0,
F01627,Wrecking Bar 450 x 18,,37.95,
F01629,Wrecking Bar 750 x 18,,47.95,
F01628,Wrecking Bar 600 x 18,,41.95,
F01630,Wrecking Bar 48 x 18,,54.95,
F02587,Hole Saw Kit 5 Piece Set,,29.95,HFD
F02588,Hole Saw Kit 13 Piece Set,,69.95,
F02589,Wood Spade Bit 6PCS,,39.95,ALCO
F02212,Hand Rivert 250MM,,49.95,ALCO
F00913,Screw Driver Set 6Pces Bag,,79.95,
F02242,Screw Driver Set 6Pce Precision,,7.95,ALCO
F02243,Screwdriver Set 5Pce Mobile & Jewellery Precision,,29.95,ALCO
F00940,Measuring Tape Plastic Rubber 3M,,10.95,ALCO
F00941,Measuring Tape Plastic Rubber 5M,,12.95,ALCO
F00942,Measuring Tape Plastic Rubber 10M,,29.95,ALCO
F00943,Measuring Tape Carded Rubber 3M,,12.95,ALCO
F00944,Measuring Tape Carded Rubber 5M,,16.95,ALCO
F02210,Measuring Tape Carded Rubber 7.5M,,27.95,ALCO
F00945,Measuring Tape Carded Rubber 10M,,37.95,ALCO
F01099,Cutting Disc Stone 115 x 2.5MM,,6.25,Eurocut
F01100,Cutting Disc Stone 230 x 2.5MM,,16.99,PS-Forte
F02207,Cutting Disc Steel 115 x 1MM,,3.95,ALCO
F01097,Cutting Disc Steel 115 x 2.5MM,,4.95,ALCO
F01098,Cutting Disc Steel 230 x 2.5MM,,15.95,ALCO
F01000,Diamond Cutting Disc Plain 115MM,,19.95,ALCO
F01001,Diamond Cutting Disc Plain 230MM,59.95,78.95,ALCO
F00998,Diamond Cutting Disc Segmented 115MM,,18.95,ALCO
F03023,Diamond Cutting Disc Segmented 180MM,,36.95,ALCO
F00999,Diamond Cutting Disc Segmented 230MM,59.95,69.95,ALCO
F02208,Diamond Cutting Disc Turbo 115MM,,27.95,ALCO
F02209,Diamond Cutting Disc Turbo 230MM,,78.95,ALCO
F02549,Circular Saw Blade 24 Teeth 115MM,,19.5,ALCO
F02552,Circular Saw Blade 24 Teeth 180MM,,39.95,ALCO
F02555,Circular Saw Blade 24 Teeth 230MM,,43.95,ALCO
F02550,Circular Saw Blade 40 Teeth 115MM,,22.95,ALCO
F02553,Circular Saw Blade 40 Teeth 180MM,,43.95,ALCO
F02556,Circular Saw Blade 40 Teeth 230MM,,52.95,ALCO
F02219,Utility Knife Snap Off 18MM Econo,,8.95,ALCO
F02568,General Work Gloves,,3.99,
F02566,General Purpose Gloves,,10.95,
F02570,Yellow Comrex Gloves,,21.9,
F03155,Anti Cut Gloves,,,
F02204,"PVC Red 10.5"" Gloves",,14.95,
F02205,"Long PVC Red 14"" Gloves",,21.95,
F02564,"Welding 10.5"" Gloves",,19.95,
F02569,"Welding 11"" Gloves",,34.95,
F02567,Welding Long Red Gloves,,46.95,
F03156,Heavy Duty Reflective All Purpose Gloves,,59.95,Safety
F02817,Ear Plug Disposable Cordless,,2.95,
F02816,Ear Plug Reusable Corded,,5.0,
F02818,Ear Muff Protector,,34.5,
F02572,Helmet Workers Yellow,,16.95,ALCO
F02571,Helmet Better Quality Yellow,,26.95,ALCO
F02812,Helmet SABS 6 Colors,,34.95,
F02565,Danger Vest Mesh Type Reflector,,18.95,
F02813,Danger Waist Ct Orng Green Polyester Zip,,47.95,
F00421,Tape 48mm x 40mic Full 50m Clear,7.36,265.0,
F00620,Tape 48mm x 40mic Full 50m Brown,7.36,265.0,
F00422,Tape 48mm x 40mic Full 100m Clear,10.7,385.0,
F00621,Tape 48mm x 40mic Full 100m Brown,10.7,385.0,
F02524,ALCO Multi-Purpose Silicone Sealant 300ML 368 White,22.95,23.95,ALCO
F02527,ALCO Multi-Purpose Silicone Sealant 300ML 368 Grey,22.95,23.95,ALCO
F02436,Grass Slasher Plastic Handle,,35.95,
F02437,Pick Handle Fibre-Glass Yellow,,81.25,
F02435,Hoe Head 2LB,,56.25,
F02434,Hoe Head 2.5LB,,62.5,
F02440,Pick Head 2.5KG,,145.0,
F02441,Pick Head 3KG,,160.0,
F02439,Pick Mattock 5LB,,105.0,
F02438,Cutter Mattock 5LB,,105.9,
F02446,Spade 1.5KG Flat,,79.95,
F02445,Flat Spade 2KG,,99.95,
F02444,Square Shovel Spade 2KG,,110.5,
F02443,Round Shovel Spade 2KG,,103.5,
F02442,Fork Spade,,119.25,
F01870,CATCH GRIPPER NYLON,,21.95,ALCO
F01875,SHELF SAFETY SUPPORT,,30.95,ALCO
F01815,TOWER BOLT 150MM,,16.49,ALCO
F01881,HASP LOCK CYLINDER BRASS 75MM,,59.95,ALCO
F01879,HASP LOCK CYLINDER BRASS 100MM,,91.5,ALCO
F01880,HASP LOCK CYLINDER CHROME 75MM,,57.95,ALCO
F01878,HASP LOCK CYLINDER CHROME 100MM,,88.95,ALCO
F01464,PADBOLT CARDED GALV +SCREWS 200MM,,21.95,
F00963,Ski Ropes Nylon 4MM x 10M,,5.59,ALCO
F00965,Ski Ropes Nylon 6MM x 10M,,12.45,ALCO
F00964,Ski Ropes Nylon 4MM x 20M,,10.49,ALCO
F00966,Ski Ropes Nylon 6MM x 20M,,16.35,ALCO
F00970,Ski Ropes Nylon 10MM x 20M,,37.8,ALCO
F00967,Ski Ropes Nylon 8MM x 10M,,16.5,ALCO
F00968,Ski Ropes Nylon 8MM x 20M,,31.5,ALCO
F02324,DIAMOND COOLER BOX PRIDE ASSTD COLOURS 25LT,,153.95,
F00417,WHITE FOLDING TABLE,399.0,409.0,
F02776,BRAAI STAND SUNNY LARGE 62 x 30 x 60CM,,189.95,SUNNY
F00960,Hosepipe + Fittings 12MM x 20M,,85.95,ALCO
F00646,Hosepipe + Fittings 12MM x 30M,,125.95,ALCO
F00961,Hosepipe + Fittings 20MM x 30M,,215.95,ALCO
F00884,Lock Discus Stainless Steel 60MM,,27.95,
F00882,Lock Discus Stainless Steel 70MM,,28.95,
F00885,Lock Discus Stainless Steel 80MM,,52.95,
F00883,Lock Discus Stainless Steel 90MM,,62.95,
F01179,Mortice Lockset Chrome,,24.95,Guardtek
F00872,Mortice Lockset Brass,,26.95,Guardtek
F01306,Awning (Alco) Brown Hollow 0.8 x 1M,279.0,289.0,ALCO
F01305,Awning (Alco) Brown Hollow 0.8 x 1.2M,339.0,369.0,ALCO
F02429,Awning (Alco) Brown Hollow 1 x 1M,359.0,389.0,ALCO
F02502,Waterproofing Membrane 200mm*10M,,19.5,
F02497,Waterproofing Membrane 190mm*8M,,18.5,GROB
F02433,Shade Net 80% Shade 3 x 50M,2350,2395,
F02432,Shade Net 40% Shade 3 x 50M,1395,1450,
F02477,Jakara Gris Wall Cladding UV Sheet 2.7M,359.0,379.0,
F02482,Angel White Wall Cladding UV Sheet 2.7M,359.0,379.0,
F02483B,Venato Carara B Wall Cladding UV Sheet 2.7M,359.0,379.0,
F02487A,Romano Grey A Wall Cladding UV Sheet 2.7M,359.0,379.0,
F02742,Tempo Gold Gilded Series Wall Cladding UV Sheet,379.0,399.0,
F02743,Calcutta Gold Gilded Series Wall Cladding UV Sheet,379.0,399.0,
F02900,Blanco Gold Gilded Series Wall Cladding UV Sheet,379.0,399.0,
F02901,Apollo Gold Gilded Series Wall Cladding UV Sheet,379.0,399.0,
F02480,Sahara Marble Wall Cladding UV Sheet 2.7M,,389.0,
F02481,Swiss Carara Wall Cladding UV Sheet 2.7M,,389.0,
F02741,Milani White Wall Cladding UV Sheet 2.7M,,389.0,
F02739,Milani Ink Wall Cladding UV Sheet 2.7M,,389.0,
F02486A,Alcora Gris A Wall Cladding UV Sheet 2.7M,,389.0,
F03273,Venato Natural Wall Cladding UV Sheet 2.7M,,389.0,
F02489,City Grey Wall Cladding UV Sheet 2.7M,,389.0,
F03259,Bling Alba,,379.0,Bling Series
F03264,Bling Aqua,,379.0,Bling Series
F03266,Bling Classico,,379.0,Bling Series
F03271,Bling Cosmic,,379.0,Bling Series
F03270,Bling Lorenzo,,379.0,Bling Series
F03257,Bling Royal,,379.0,Bling Series
F03261,Bling Verde,,379.0,Bling Series
F02095,Extension Cord ±5M,,33.5,
F02034,Extension Cord ±3M,,25.95,
F02347,Extension Cord ±10M,,43.5,
F02035,Extension Cord ±15M,,58.5,
F02036,Extension Cord ±20M,,72.95,
F02056,Plug 3 Pin Rubber Tyson,,11.0,Tyson
F02032,Lamp Holder Batten Nylon,,2.99,
F02048,Lamp Holder Batten Brass,,11.95,
F02509,Wall Switch 1 Lever A101,,11.5,
F02508,Wall Switch 2 Lever A102,,13.95,
F02514,Wall Switch 3 Lever A103,,17.5,
F02515,Wall Switch Single 4 x 2 M08,,17.5,
F02507,Wall Socket Single 4 x 4,,22.5,
F02505,Wall Socket Double 4 x 4,,26.95,
F02506,Isolator Switch 4 x 4 60A M07,,42.0,
F02345,Emergency Bulb 9W B22 Pin Type,,35.95,TYSON
F02346,Emergency Bulb 9W E27 Screw Type,,35.95,TYSON
F02063,Fluoresent Tube Lamp 16W 2D,,23.95,TYSON
F02057,Globe LED 5W B22 Pin 10's -A60,,82.5,TYSON
F02058,Globe LED 5W E27 Screw 10's -A60,,79.95,TYSON
F02059,Globe LED 7W B22 Pin,,8.99,TYSON
F02061,Globe LED 9W B22 Pin 10's - A60,,102.0,TYSON
F02062,Globe LED 9W E27 Screw 10's - A60,,102.0,TYSON
F02060,Globe LED 7W E27 Screw 10's - A60,,89.95,TYSON
F02039,ADAPTOR 1x2 PIN SQUARE R17 5's,,32.95,
F02041,ADAPTOR 1x2 PIN ROUND R16 5's,,32.95,
F02042,ADAPTOR 1 x EURO 1 x SUKO R18 5's,,44.95,
F02038,ADAPTOR 2 x 3 PIN R19,,19.5,
F02040,ADAPTOR 1 x 3 PIN 2 x 2 PIN R21,,20.95,
F02045,ADAPTOR 3 X 3 PIN R20,,24.95,
F02046,ADAPTOR 2 x 3 PIN 2 x 2 PIN M06A,,26.95,
F02033,MULTI PLUG 3 x 3 PIN R33,,52.95,
F02044,MULTI PLUG 4 WAY R34,,58.95,
F02043,MULTI PLUG 5 WAY R35,,64.95,
F02250,MULTI PLUG 7 WAY,,76.95,
F02047,MULTI PLUG 9 WAY REDISSON,,78.95,REDISSON
F02096,MULTI PLUG + SWITCH 7 WAY,,90.5,
F02097,MULTI PLUG + SWITCH 9 WAY,,108.95,
F02098,MULTI PLUG + SWITCH 11 WAY,,134.95,
F02037,JANUS COUPLER RUBBER,,17.5,REDISSON
F02080,ADAPTOR 1 x 3 PIN 2 x 2 PIN R09,,14.5,
F02071,Earth Leakage Mini Rail White A63 2P,,128.95,
F02079,Earth Leakage Mini Rail Black A63 2P,,149.95,
F02064,C-Breaker Din Rail White 10A White,,18.5,
F02065,C-Breaker Din Rail White 20A White,,18.5,
F02066,C-Breaker Din Rail White 25A White,,18.5,
F02067,C-Breaker Din Rail White 32A White,,19.95,
F02068,C-Breaker Din Rail White 40A White,,19.95,
F02069,C-Breaker Din Rail White 50A White,,19.95,
F02072,C-Breaker Din Rail Black 10A Black,,21.95,
F02073,C-Breaker Din Rail Black 20A Black,,21.95,
F02074,C-Breaker Din Rail Black 25A Black,,21.95,
F02075,C-Breaker Din Rail Black 32A Black,,21.95,
F02076,C-Breaker Din Rail Black 40A Black,,28.95,
F02077,C-Breaker Din Rail Black 50A Black,,28.95,
F02078,C-Breaker Din Rail Black 63A Black,,28.95,
F02161,Stary Sky Light LED Ceiling 18W,85.95,,
F02177,Light LED Ceiling Glass Fitting TLC01,77.95,79.95,
F02512,Down Light Fixed - White,7.95,8.5,
F02510,Down Light Fixed - Chrome,7.95,8.5,
F02511,Down Light Fixed - Gun Metal,7.95,8.5,
F02248,Element Bucket With Lock Lid 10LT,79.95,,
F01990,Door Stopper 2 Sided Black,,16.95,
F01972,Broom Flagged Special,,24.95,
F01971,Broom Flagged Deluxe,,25.95,
F01988,Brush White Wash,,13.95,
F01975,Broom Platform Soft 300MM,,38.95,
F01979,Broom Platform Soft 600MM,,58.95,
F01980,Broom Platform Hard 600MM,,58.95,
F02781,LED Ceiling Light Fancy 28W 390MM - Earth,215.95,230.95,
F02782,LED Ceiling Light Fancy 28W 390MM - High Diamond,215.95,230.95,
F01981,SHOE BRUSH WHITE 10's,,29.95,
F01982,SHOE BRUSH BLACK 10's,,29.95,
F01987,BRUSH BODY ASSORTED 6's,,86.95,
F01986,BRUSH CHUBBY 6's,,35.95,
F01985,BRUSH SCRUBBING 6's S - SHAPE,,37.95,
F01989,FEATHER DUSTER SHORT,,19.95,
F02030,Toilet Brush And Bowl Set Asstd Colors,,21.5,
F02280,Lunch Box Rnd Rani Asstd,,8.95,Rani
F03413,CONTAINER SET RECT. 6PC RAINBOW,,50.95,
F02006,RIBBED MUG PLASTIC ELITE ASST COLORS,,2.99,
F02277,MUG PLASTIC PICNIC ASSTD COLORS 320ML,,3.99,
F02276,MUG PLASTIC ASSTD COLOURS 450ML,,4.19,
F02005,MUG BEER PLASTIC 500ML,,6.2,
F02330,WINE CUPS 6's (BG) ASSTD COLOURS,,21.95,
F02007,JUG PLASTIC 1.5LT ELITE ASSTD COLOURS,,8.95,ELITE
F02022,JUG PLASTIC 1.5LT OTIMA ASSTD COLOURS,,11.99,OTIMA
F02014,JUG + LID 2LT FORM ASSTD COL,,13.5,
F02278,JUG 2.2LT PINEAPPLE ASSTD COL,,16.25,
F02012,CONTAINER RND 2 TONE 500ML ASSTD COLOURS,,8.95,
F02010,CONTAINER RND 2 TONE 1000ML ASSTD COLOURS,,9.95,
F02011,CONTAINER RND 2 TONE 1600ML ASSTD COLOURS,,15.95,
F02360,CONT. SET APPLE 3 IN 1 BG ASSTD COL,,37.5,
F02414,BUCKET 5LT W/LID ASSTD COLOURS,,12.5,
F02361,BUSCUIT BARREL 500G FANCY COLOR BG ASSTD,,6.9,
F02282,BUSCUIT BARREL 500ML CLEAR,,8.5,
F02271,BUSCUIT BARREL 1KG CLEAR,,9.29,
F02023,PLATE PLASTIC 10PCE ASSTD COLOURS,,33.5,
F02297,MICROWAVE COVER BG ASSTD COL,,12.95,
F02015,MICROWAVE COVER FORM CLEAR,,12.95,
F02362,"BOWL PLASTIC 8"" ASSTD COLOURS",,3.95,
F01993,BASIN PLASTIC 26CM ASSTD COL,,6.29,
F02273,BASIN PLASTIC 32CM ASSTD COL,,7.5,
F01995,BASIN PLASTIC 42CM ASSTD COL,,15.0,
F02274,BASIN PLASTIC 43CM ASSTD COL,,10.79,
F02275,BASIN PLASTIC 46CM ASSTD COL,,13.5,
F02322,BASIN PLASTIC 56CM ASSTD COL,,19.95,
F02301,BASIN PLASTIC 63CM ASSTD COL,,26.95,
F02323,BASIN PLASTIC 64CM ASSTD COL,,29.5,
F02251,Catering Folding Table 180 x 70 x 74CM Black,419.0,429.0,
F02009,CONT. RECT 2 TONE 700ML ASSTD COL,,10.95,
F02020,CONT. RECT SNAP OTIMA 600ML ASSTD COLOURS,,4.5,OTIMA
F02019,CONT. RECT SNAP OTIMA 1.2LT ASSTD COLOURS,,8.95,OTIMA
F02021,CONT. RECT SNAP OTIMA 2.2LT ASSTD COL,,12.5,OTIMA
F02017,LUNCH BOX SET 3PIECE ASSTD COL,,21.5,
F02016,LUNCH BOX SET 10PIECES ASSTD COL,,34.5,
F02018,LUNCH BOX SET 10PCS ASSTD COL,,47.95,
F02267,CONTAINER 5PCE SET ELITE LUNAR ASSTD COLOURS,,44.95,ELITE LUNAR
F01731,DUSTPAN WITH LIP ASSTD COL,,7.79,
F02004,DUSTPAN & BRUSH SET ASSTD,,20.95,
F02257,DUST BIN 12LT BLACK OTIMA,,33.95,OTIMA
F02258,DUST BIN 25LT BLACK OTIMA,,60.5,OTIMA
F02300,DUST BIN 50LT BLACK OTIMA,,91.95,OTIMA
F02364,BIN FUNKY COL 25LT BG,,45.95,
F02416,BIN FUNKY COL 65LT BG,,79.9,
F02359,HANGERS 10's PLASTIC VIRGIN HIGH QUALITY BG,,21.0,
F02031,HANGERS 20's ASSTD COLOUR,,26.5,
F02369,EKAMBA BLACK,,26.95,
F02093,LAUNDRY BASKET MINA BG ASSTD COLOURS,,24.85,
F02082,BASKET LAUNDRY LUCY,,24.5,
F02354,LINEN BASKET RECT. PLASTIC BG ASSTD COL,,41.5,
F01996,BATH OVAL 50LT BUZZ,,29.95,
F01998,BATH OVAL 90LT BUZZ,,43.95,
F02367,BATH OVAL 120LT BG ASSTD,,103.5,
F02002,BUCKET + LID 20LT TRIPPLE LOCK ASSTD COL BG,,32.95,
F02090,DISH RACK SMALL ASSTD COL,,18.95,
F02092,VEGETABLE RACK ASST COL,,48.45,
F02321,VEGETABLE RACK 3 TIER CORNER STAND FORM ASSTD,,54.95,
F02281,TEA/COFFEE/SUGAR 3PCE SET ASSTD,,14.79,
F02279,SCOUP PLASTIC H/DUTY ASSTD,,9.49,
F02084,BAR STOOL BLACK,,23.95,
F02083,BAR STOOL COLOUR ASSTD,,26.95,
F02024,SPOON RICE PLASTIC 10PCE ASSTD COL,,17.95,
F02003,CHAIRS KIDDIES +ARM ASSTD COL,,18.95,
F01603,CHAIR PARTY ADULT,,42.95,
F02327,CHAIR BLACK JUMBO,,92.5,
F03344,KNEE GUARD WRAP AROUND,,29.95,CAMEWIN
F02721,PADEL BALLS 3's,,79.95,CAMEWIN
F03342,PADEL RACKETS 12K/18K PRO SERIES,,1250.0,CWIN
F02811,Clear Veg Packet 500's 25 x 40CM,,30.95,Innovative Flexible Solutions
F00201,Table Mat (3 Colours) Perforated 10 Pieces Per Roll 1M x 2.2M,,87.95,
F00343,Laminate Table Mat 0.08 x 1.28M x 1.43M,,12.95,
F00016,Lantern Small - 24CM,,54.95,
F00087,Lantern Medium - 30CM,,65.95,
F00486,Lamp Base + Burner + Handle,,28.5,
F01293,Lamp Chimney,,14.5,
F02157,Candle Holder Metal,,7.95,
F00050,Vacuum Flask 0.45LT,,34.95,Ganthermoon
F00048,Vacuum Flask 1LT,,43.95,Ganthermoon
F00049,Vacuum Flask 1.8LT,,53.95,Ganthermoon
F00042,Hot Water Bottle 2LT,,24.95,
F00043,Hot Water Bottle 2LT + Cover,,25.95,
F02260,Cloth Multi-Purpose 5Pack (Asrtd Colors),,19.95,
F01760,FUNNEL 4 x 4.5CM,,0.95,
F01761,WICKS LARGE,,1.95,
F00002,BAMBOO PEGS 20 PACK,,3.29,
F00273,SAD IRON CHROME,,87.95,
F00249,CHARCOAL IRON CHROME,,89.95,
F00125,IRONING BOARD LARGE MULTI COLOURS,,155.0,
F02693,GAS STOVE WITH GAS HOSE/ REGULATOR KIT,,275.0,
F02694,GAS STOVE GLASS TOP WITH HOSE,,329.0,
F02806,CAMPHOR BLOCKS 16 x 8 = 128,,89.95,DEER
F02583,CleanCham Asstd Color + Yellow Case 43 x 32 x 0.2CM,,18.95,Clean Cham
F02788,Aluminium Foil Tray 6PK + Plastic Lid 4900ML 37 x 27CM x 70MM,,81.95,
F02758,"REACTIVE GLAZED PLATE 10.5""",15.95,17.95,
F02824,1.8LT JUG + LID,,24.95,
F01555,BOWL SET 7PCE CLEAR GIFT BOX,,79.95,
F00353,DRINK SET 7PCE 8OZ DESIGNS GIFT BOX,,69.95,IMPULSE
F01556,DRINK SET 7PCE 8OZ DESIGNS GIFT BOX,,89.95,
