wc_id,sku,name,supplier,issue
9723,F00042-01,Hot Water bottle,unknown,published with no price
9931,F02239-01,Alco Brick Laying Trowel TRP Handle - Pointed,unknown,published with no price
9932,F02234-01,Alco Brick Laying Trowel TRP Wooden Handle,unknown,published with no price
9935,F01340-01,Alco Trowel Tiler's Notch,unknown,published with no price
9974,F00940-01,Alco Measuring Tape Plastic,jewellery,published with no price
9998,9902054129687,Brown Tape 50m,unknown,published with no price
10008,F00884-01,Discus Lock Stainless Steel,unknown,published with no price
10014,9902054134773,Steel Cutting Disk,unknown,published with no price
10017,F01000-01,Diamond Cutting Disc Plain,unknown,published with no price
10018,F00998-01,Diamond Cutting Disc Segmented,unknown,published with no price
10168,F02300-01,Otima Dustbin Black,unknown,published with no price
10256,F01828-01,Necked Barrel Bolt - Brass,unknown,published with no price
10550,GU5KX10550,Shirt With Sequin Sleeve Detail With Collar,unknown,published with no price
10603,esseshrtprl,Shirt With Pearl Detail,unknown,published with no price
10632,DY3B610632,Dress- Pearl & Lace,unknown,published with no price
10637,E46M110637,Shirt With 3D Flowers On Bell Sleeves,unknown,published with no price
10651,I2AWU10651,Throw Poncho Style,unknown,published with no price
10692,strpess,Striped Pants,unknown,published with no price
10747,3NOG910747,Shirt- Hi/Low Lace Work,unknown,published with no price
10779,PLBA410779,Beaded Work Top,unknown,published with no price
10783,3WF4910783,Organza Shirt,unknown,published with no price
10817,HLK3T10817,Kids Gown Kaftan,unknown,published with no price
10836,U1CV410836,Hi Low Sequin Dress,unknown,published with no price
10839,G5PPK10839,Sleeveless Coat,unknown,published with no price
12215,BTNM912215,Dress Brocade,unknown,published with no price
12274,EPT6512274,Jacket Leather and Lace,unknown,published with no price
12278,PMY4M12278,Shirt Pearl Work,unknown,published with no price
12656,DSJ1312656,Kenwood Vintage Kettle & Toaster Breakfast Pack,hirschs,published with no price
13061,528HU13061,Bathroom Mat Set,makokoya,published with no price
13293,G239413293,Peg Bag,unknown,published with no price
13750,N5QK513750,LED Lamp Light,unknown,published with no price
13753,PS8U713753,Wudhu Socks - Waterproof Ultra Thin Socks,unknown,published with no price
13766,N634413766,Get Chiki Sauces,unknown,published with no price
13798,C73N913798,Amare One - 600 Puffs,unknown,published with no price
13810,ONPC313810,Crystal Bar - 600 Puffs,unknown,published with no price
13825,ZNL3913825,Beer Mug - 560ML,unknown,published with no price
13851,OS9HO13851,Tumbler (Set of 6 ) 310ml,unknown,published with no price
13852,ACFKC13852,Tumbler (Set of 6) 210ml,unknown,published with no price
13866,NZPOK13866,Novelty Mugs,unknown,published with no price
14380,6445714380,Sophisticated Home Rug,makokoya,published with no price
14383,1X2YK14383,Sophisticated Home Rug,makokoya,published with no price
14794,JIHA514794,Potstory Twisted Pots White,unknown,published with no price
14798,2YV1X14798,Potstory Ulundi,unknown,published with no price
14805,C6MPS14805,Potstory Quattro Pot,unknown,published with no price
14808,3W15D14808,Potstory Inca Pot,unknown,published with no price
14811,I2E1D14811,Potstory Succulent Pots,unknown,published with no price
14872,fcg/fcb/fcdg/fcp/fcblk,Fluffy Carpet Mats,makokoya,published with no price
14930,H4224A/H3247B,Cape Town Rug,makokoya,published with no price
14945,00794/04020,Milano Luxury Carpet,makokoya,published with no price
14962,2622B/2409Blk/2622R/2622P/2622G,Turkish Emporium Rug,makokoya,published with no price
14968,05238A/ 300760740/ 04364A/ 04685B,Kristal Turkish Rug,makokoya,published with no price
14978,G318A/ G323PP/ G323C,Emporium Turkish Rug,makokoya,published with no price
14985,H3264A/H4623A/H5119A/H4188A/H4627A,Emporium Turkish Rug,makokoya,published with no price
15232,M2U4G15232,Urban Decor Shell Beach Legs Chair,unknown,published with no price
16944,FFI9416944,Mondi Rotatrim A4 Office Copy Paper,unknown,published with no price
16970,45Z4V16970,UZSPACE BPA-Free Water Bottle,unknown,published with no price
17019,431O117019,Handheld Desktop Usb Charging Fan,unknown,published with no price
17135,73UYD17135,Tupperware Lunchbox,tupperware,published with no price
17175,OXMFN17175,Mugs 18OZ Assorted Decal Writing,unknown,published with no price
17428,DKKRV17428,Tupperware Eco Bottle 500ml,tupperware,published with no price
17431,5D5VV17431,Tupperware Eco Bottle 310ml,tupperware,published with no price
17470,C4CN417470,USB C Power Adapter,unknown,published with no price
17493,8V54717493,Type C Adapter Charger,unknown,published with no price
17542,A579217542,Square Super Keeper -  (2lt),unknown,published with no price
17651,VWKLT17651,Garden Patio/Lounge,unknown,published with no price
17656,OJUO717656,Perfume Fragrance (AAA),unknown,published with no price
18222,2OQ7K18222,Garden Patio/Lounge Seater Waterproof Covers,unknown,published with no price
18620,F01979-01,Brooms Platform,unknown,published with no price
18696,F01972-01,Broom's Flagged,unknown,published with no price
18705,WWK8S18705,Diamond Glass Bottom Bowl,unknown,published with no price
18707,EF38V18707,Bowl White Deep 8'',unknown,published with no price
18727,6VUKT18727,Mugs Straight 11Oz 2 Color Glazed,unknown,published with no price
18732,V2E4318732,Mug Fine Bone China Espresso Shot,unknown,published with no price
18742,Q1B8K18742,Mug Fine Bone China,unknown,published with no price
18751,7JJKH18751,Mugs 16Oz Bullet Assorted Color,unknown,published with no price
18755,CT3BH18755,Cortado Coffee Mug,unknown,published with no price
18769,F02507-01,Wall Socket 4x4,unknown,published with no price
18773,F02515-01,Wall Switch,unknown,published with no price
18820,F02511-01,Down Lights Fixed 85mm,unknown,published with no price
18834,F00620,Brown Tape 50m,impulse,published with no price
18835,F00621,Brown Tape 100m,impulse,published with no price
18896,F00421,Clear Tape 50m,impulse,published with no price
18906,F00422,Clear Tape 100m,impulse,published with no price
18916,F02782-01,LED Ceiling Lights 28 W (Glass),unknown,published with no price
18931,F02180-01,Light LED Glass Ceiling Fit 28W,unknown,published with no price
19001,F01556-01,7-Piece Glass Jug & Tumbler Set – Gift Box,unknown,published with no price
19080,F01306-01,Awning Brown Hollow,unknown,published with no price
19180,6REX119180,Alco Cutting Disc 40T,unknown,published with no price
19195,6REX119180-1,Alco Cutting Disc 24T,unknown,published with no price
19205,6REX119180-2,Alco Cutting Disc 60T,unknown,published with no price
19243,F02574-01,Danger Barrier Tape Red/White,makokoya,published with no price
19267,F02497-01,Waterproofing Roof Under-Tile Membrane,makokoya,published with no price
19304,SawKit,Hole Saw Kit,unknown,published with no price
19319,KJ7NU19319,Aluminum Ladder Multi Function,unknown,published with no price
19338,F00987-01,Housewife Ladder,unknown,published with no price
19354,F00790,PVC Candy Mats 47cm x 77cm,impulse,published with no price
19356,F01557/F01558/F01559,Meranti Door Panel Stain,unknown,published with no price
19357,F00747,Candy Stripe Mat,impulse,published with no price
19359,F01120,Micro Fibre Mat,impulse,published with no price
19366,F00079,Welcome Mats,impulse,published with no price
19523,2BGM419523,Wall panels - UV Sheets,unknown,published with no price
20357,VWKLT17651-1,Garden Patio/Lounge Full Set,unknown,published with no price
20641,F02229- 0,Alco Adjustable Wrench,unknown,published with no price
20664,F02813,Danger waist coat with polyester Zip,impulse,published with no price
20669,F02812,IG SABS Helmet,impulse,published with no price
20695,F02567-01,Gloves,unknown,published with no price
20752,WEZR720752,Alco G Clamp,unknown,published with no price
21127,F02440-01,Pick Head,unknown,published with no price
21136,F02435-01,Hoe Head,unknown,published with no price
21140,F02439-01,Pick / Cutter Mattock,makokoya,published with no price
21154,F02444/F02443,Square/ Round Shovel Spade 2kg,unknown,published with no price
21192,F02425 / F02426,Wooden Frame,makokoya,published with no price
22210,661W722210,InPod 12 Wireless Pods,unknown,published with no price
22564,B3NPY122564,Wall panels - UV Sheets,unknown,published with no price
22656,8K1P8622656,Padel Tee 'Duo',unknown,published with no price
22693,8K1P8622656,Padel Tee 'Techy',unknown,published with no price
22709,8K1P8622656,Padel Tee 'Hustler',unknown,published with no price
22755,8K1P8622656,Padel Tee 'Action',unknown,published with no price
22771,8K1P8622656,Padel Tee 'Fund',unknown,published with no price
22785,8K1P8622656,Padel Tee 'Me',unknown,published with no price
22799,8K1P8622656,Padel Tee 'Hapee',unknown,published with no price
22813,8K1P8622656,Padel Tee 'Tact',unknown,published with no price
22827,8K1P8622656,Padel Hoodie 'Fund',unknown,published with no price
22841,8K1P8622656,Padel Hoodie 'Hapee',unknown,published with no price
22872,8K1P8622656,Padel Hoodie 'Me',unknown,published with no price
22886,8K1P8622656,Padel Hoodie 'Techy',unknown,published with no price
22900,8K1P8622656,Padel Hoodie 'Action',unknown,published with no price
22914,8K1P8622656,Padel Hoodie 'Padel',unknown,published with no price
22928,8K1P8622656,Padel Hoodie 'Melon',unknown,published with no price
22942,8K1P8622656,"Padel Sweater 'Hustler""",unknown,published with no price
22959,8K1P8622656,Padel Hoodie 'Freedom',unknown,published with no price
22973,8K1P8622656,Padel Hoodie 'Solidarity',unknown,published with no price
22987,8K1P8622656,Padel Tee 'Punto',unknown,published with no price
23430,SM-R930NZGAXFA/NZEAXFA,Galaxy Watch 7 (40mm),unknown,published with no price
23431,SM-R930NZSAFXA/NZGAXFA,Galaxy Watch 7 (44mm),unknown,published with no price
24733,W3179J24733,Kristal Carpet - Luna Collection - 31770A,makokoya,published with no price
24744,W3179J24733,Kristal Carpet - Luna Collection - 31803A,makokoya,published with no price
24754,W3179J24733,Kristal Carpet - Luna Collection - 31896A,makokoya,published with no price
24771,W3179J24733,Kristal Carpet - Luna Collection - 31897A,makokoya,published with no price
24779,W3179J24733,Kristal Carpet - Luna Collection - 31947A,makokoya,published with no price
24789,W3179J24733,Kristal Carpet - Luna Collection - 31655A,makokoya,published with no price
24797,W3179J24733,Kristal Carpet - Luna Collection - 32735A,makokoya,published with no price
24805,W3179J24733,Kristal Carpet - Dejavu Collection - 51667A,makokoya,published with no price
24829,W3179J24733,Kristal Carpet - Dejavu Collection - 51676A,makokoya,published with no price
24837,W3179J24733,Kristal Carpet - Dejavu Collection - 39944A,makokoya,published with no price
24845,W3179J24733,Kristal Carpet - Dejavu Collection - 51672A,makokoya,published with no price
24853,W3179J24733,Kristal Carpet - Dejavu Collection - 39922A,makokoya,published with no price
24864,W3179J24733,Kristal Carpet - Dejavu Collection - 51683A,makokoya,published with no price
25010,Q8U2SP25010,Tupperware Rectangle Lunch Tin,tupperware,published with no price
25048,PF45SL25048,Tupperware Pasta Maker Container,tupperware,published with no price
25120,REDLX425120,Kristal Carpet - Boutique Collection - JAG10640A,makokoya,published with no price
25130,REDLX425120,Kristal Carpet - Boutique Collection - JAG10641A,makokoya,published with no price
25139,REDLX425120,Kristal Carpet - Boutique Collection - JAG10647A,makokoya,published with no price
25146,REDLX425120,Kristal Carpet - Boutique Collection - JAG10693A,makokoya,published with no price
25155,REDLX425120,Kristal Carpet - Boutique Collection - JAG10694A,makokoya,published with no price
25165,REDLX425120,Kristal Carpet - Boutique Collection - JAG10642A,makokoya,published with no price
25174,REDLX425120,Kristal Carpet - Boutique Collection - JAG10687A,makokoya,published with no price
25183,REDLX425120,Kristal Carpet - Boutique Collection - JAG10643A,makokoya,published with no price
25194,X93WZ425194,Kristal - Porto Collection - 8821,makokoya,published with no price
25204,X93WZ425194,Kristal - Porto Collection - 8820,makokoya,published with no price
25214,X93WZ425194,Kristal - Porto Collection - 8815,makokoya,published with no price
25224,X93WZ425194,Kristal - Porto Collection - 8813,makokoya,published with no price
25234,MT3G5I25234,Kristal - Palma Collections - 32112A,makokoya,published with no price
25244,MT3G5I25234,Kristal - Palma Collections - 31865A,makokoya,published with no price
25254,MT3G5I25234,Kristal - Palma Collections - 32117A,makokoya,published with no price
25264,MT3G5I25234,Kristal - Palma Collections - 31859A,makokoya,published with no price
25274,MT3G5I25234,Kristal - Palma Collections - 31864A,makokoya,published with no price
25297,MT3G5I25234,Kristal - Palma Collections - 32106A,makokoya,published with no price
25333,MT3G5I25234,Kristal - Palma Collections - 2145A,makokoya,published with no price
25344,MT3G5I25234,Kristal - Palma Collections - 32110A,makokoya,published with no price
25457,43EHPH25457,Kristal - Eco Collections - 221,makokoya,published with no price
25473,43EHPH25457,Kristal - Eco Collections - 206,makokoya,published with no price
25481,43EHPH25457,Kristal - Eco Collections - 1346,makokoya,published with no price
25489,43EHPH25457,Kristal - Eco Collections - 222,makokoya,published with no price
25500,J675KI25497,Kristal - Pastel Collection - 31827C,makokoya,published with no price
25510,J675KI25497,Kristal - Pastel Collection - 31909A,makokoya,published with no price
25520,J675KI25497,Kristal - Pastel Collection - 31915A,makokoya,published with no price
25530,J675KI25497,Kristal - Pastel Collection - 32539B,makokoya,published with no price
25540,J675KI25497,Kristal - Pastel Collection - 31682A,makokoya,published with no price
25550,J675KI25497,Kristal - Pastel Collection - 31698C,makokoya,published with no price
25560,J675KI25497,Kristal - Pastel Collection - 32540A,makokoya,published with no price
25570,J675KI25497,Kristal - Pastel Collection - 31694A,makokoya,published with no price
25582,J675KI25497,Kristal - Pastel Collection - 31829A,makokoya,published with no price
25590,Z5G9O725590,Kristal - Amber Collections - 31917A,makokoya,published with no price
25600,Z5G9O725590,Kristal - Amber Collections - 30636C,makokoya,published with no price
25610,Z5G9O725590,Kristal - Amber Collections - 31102B,makokoya,published with no price
25622,Z5G9O725590,Kristal - Amber Collections - 31366A,makokoya,published with no price
25633,PB3APB25633,Kristal - Alin Collections - 05441A,makokoya,published with no price
25648,PB3APB25633,Kristal - Alin Collections - 05386A,makokoya,published with no price
25663,PB3APB25633,Kristal - Alin Collections - 05223C,makokoya,published with no price
25678,PB3APB25633,Kristal - Alin Collections - 05238A -2,makokoya,published with no price
25697,PB3APB25633,Kristal - Alin Collections - 05238A,makokoya,published with no price
25713,PB3APB25633,Kristal - Alin Collections - 05223A,makokoya,published with no price
25728,PB3APB25633,Kristal - Alin Collections -05376A,makokoya,published with no price
25744,PB3APB25633,Kristal - Alin Collections -05390A,makokoya,published with no price
25759,PB3APB25633,Kristal - Alin Collections -05387A,makokoya,published with no price
25774,PB3APB25633,Kristal - Alin Collections -05376A - 2,makokoya,published with no price
25792,PB3APB25633,Kristal - Alin Collections -05234A,makokoya,published with no price
25808,PB3APB25633,Kristal - Alin Collections -05382A,makokoya,published with no price
25823,PB3APB25633,Kristal - Alin Collections -05439A,makokoya,published with no price
25838,PB3APB25633,Kristal - Alin Collections -05236D,makokoya,published with no price
25853,PB3APB25633,Kristal - Alin Collections -05439A,makokoya,published with no price
25868,PB3APB25633,Kristal - Alin Collections -05390A,makokoya,published with no price
25893,PB3APB25633,Kristal - Alin Collections -05277A,makokoya,published with no price
25908,PB3APB25633,Kristal - Alin Collections -05234A,makokoya,published with no price
25923,PB3APB25633,Kristal - Alin Collections -05441A,makokoya,published with no price
25940,PB3APB25633,Kristal - Alin Collections -05227A,makokoya,published with no price
26026,5Q62R726026,Kristal - Artist Collection - 10201A,makokoya,published with no price
26040,5Q62R726026,Kristal - Artist Collection - 10197A 2,makokoya,published with no price
26051,5Q62R726026,Kristal - Artist Collection - 04868,makokoya,published with no price
26064,5Q62R726026,Kristal - Artist Collection -10196A,makokoya,published with no price
26077,5Q62R726026,Kristal - Artist Collection -10203A,makokoya,published with no price
26086,5Q62R726026,Kristal - Artist Collection -10205A 2,makokoya,published with no price
26097,5Q62R726026,Kristal - Artist Collection -10204A,makokoya,published with no price
26110,5Q62R726026,Kristal - Artist Collection -10194A,makokoya,published with no price
26119,5Q62R726026,Kristal - Artist Collection -10205A,makokoya,published with no price
26130,5Q62R726026,Kristal - Artist Collection -04868A,makokoya,published with no price
26141,5Q62R726026,Kristal - Artist Collection -04965A,makokoya,published with no price
26153,5Q62R726026,Kristal - Artist Collection -04966A,makokoya,published with no price
26167,5Q62R726026,Kristal - Artist Collection -10196A 2,makokoya,published with no price
26185,5Q62R726026,Kristal - Artist Collection -10194A,makokoya,published with no price
26194,5Q62R726026,Kristal - Artist Collection -10196A,makokoya,published with no price
26205,5Q62R726026,Kristal - Artist Collection -04966A - 2,makokoya,published with no price
26214,5Q62R726026,Kristal - Artist Collection -04966A - 3,makokoya,published with no price
26225,5Q62R726026,Kristal - Artist Collection -10201A - 2,makokoya,published with no price
26236,5Q62R726026,Kristal - Artist Collection -10194A - 2,makokoya,published with no price
26502,5Q62R726026,Kristal - Artist Collection - 1O2O2A,makokoya,published with no price
26513,5Q62R726026,Kristal - Artist Collection - 10197A,makokoya,published with no price
26524,5Q62R726026,Kristal - Artist Collection - 10200A,makokoya,published with no price
26639,5Q62R726026,Kristal - Artist Collection - 10200A - 2,makokoya,published with no price
26652,5Q62R726026,Kristal - Artist Collection - 10200A - 3,makokoya,published with no price
26661,5Q62R726026,Kristal - Artist Collection - 10203A,makokoya,published with no price
26674,5Q62R726026,Kristal - Artist Collection - 10204A 2,makokoya,published with no price
26683,W3PC3926683,"LED, LCD, PDP Flat Panel TV Wall Mount",unknown,published with no price
26721,5Q62R726026,Kristal - Artist Collection - 10200A,makokoya,published with no price
26732,5Q62R726026,Kristal - Artist Collection - 10195A,makokoya,published with no price
26743,5Q62R726026,Kristal - Artist Collection - 04921A,makokoya,published with no price
26754,5Q62R726026,Kristal - Artist Collection - 10195A 2,makokoya,published with no price
26769,5Q62R726026,Kristal - Artist Collection - 10203A,makokoya,published with no price
26780,5Q62R726026,Kristal - Artist Collection - 10198A,makokoya,published with no price
26789,5Q62R726026,Kristal - Artist Collection - 04921A - 2,makokoya,published with no price
26802,5Q62R726026,Kristal - Artist Collection -10195A,makokoya,published with no price
26821,5Q62R726026,Kristal - Artist Collection -04866A,makokoya,published with no price
26840,5Q62R726026,Kristal - Artist Collection -10201A,makokoya,published with no price
26849,5Q62R726026,Kristal - Artist Collection -04955A,makokoya,published with no price
26858,5Q62R726026,Kristal - Artist Collection -10205A,makokoya,published with no price
26867,5Q62R726026,Kristal - Artist Collection -10204A,makokoya,published with no price
26875,5Q62R726026,Kristal - Artist Collection -10198A,makokoya,published with no price
26887,5Q62R726026,Kristal - Artist Collection -10197A,makokoya,published with no price
26898,5Q62R726026,Kristal - Artist Collection -04955A 2,makokoya,published with no price
26919,5Q62R726026,Kristal - Artist Collection -04868A,makokoya,published with no price
26928,5Q62R726026,Kristal - Artist Collection -04965A,makokoya,published with no price
26937,5Q62R726026,Kristal - Artist Collection -04965A,makokoya,published with no price
26946,5Q62R726026,Kristal - Artist Collection -10198A,makokoya,published with no price
26971,9J3PCP26971,Kristal Rainbow Collections - 28130A,makokoya,published with no price
26984,9J3PCP26971,Kristal Rainbow Collections - 22404A,makokoya,published with no price
26995,9J3PCP26971,Kristal Rainbow Collections - 25016A,makokoya,published with no price
27016,9J3PCP26971,Kristal Rainbow Collections - 25030A,makokoya,published with no price
27025,9J3PCP26971,Kristal Rainbow Collections - 28092A,makokoya,published with no price
27034,9J3PCP26971,Kristal Rainbow Collections - 30086A,makokoya,published with no price
27043,9J3PCP26971,Kristal Rainbow Collections -30123A,makokoya,published with no price
27052,9J3PCP26971,Kristal Rainbow Collections -31753A,makokoya,published with no price
27061,9J3PCP26971,Kristal Rainbow Collections -25069B,makokoya,published with no price
27085,9J3PCP26971,Kristal Rainbow Collections -29883A,makokoya,published with no price
27095,9J3PCP26971,Kristal Rainbow Collections -30111A,makokoya,published with no price
27104,9J3PCP26971,Kristal Rainbow Collections -32540A,makokoya,published with no price
27113,9J3PCP26971,Kristal Rainbow Collections -25921A,makokoya,published with no price
27122,9J3PCP26971,Kristal Rainbow Collections -27430A,makokoya,published with no price
27132,9J3PCP26971,Kristal Rainbow Collections -27922B,makokoya,published with no price
27141,9J3PCP26971,Kristal Rainbow Collections -30084A,makokoya,published with no price
27150,9J3PCP26971,Kristal Rainbow Collections 25536A,makokoya,published with no price
27238,4SH2W627238,Kristal Classic Collections - 04864B,makokoya,published with no price
27250,4SH2W627238,Kristal Classic Collections - 04864B,makokoya,published with no price
27259,4SH2W627238,Kristal Classic Collections - 05341D,makokoya,published with no price
27297,4SH2W627238,Kristal Classic Collections - 01055F,makokoya,published with no price
27307,4SH2W627238,Kristal Classic Collections -04735B,makokoya,published with no price
27317,4SH2W627238,Kristal Classic Collections -04545B,makokoya,published with no price
27330,4SH2W627238,Kristal Classic Collections -04703C,makokoya,published with no price
27340,4SH2W627238,Kristal Classic Collections -04735B,makokoya,published with no price
27350,4SH2W627238,Kristal Classic Collections -04736C,makokoya,published with no price
27360,4SH2W627238,Kristal Classic Collections -04545B,makokoya,published with no price
27370,4SH2W627238,Kristal Classic Collections -04735B,makokoya,published with no price
27380,4SH2W627238,Kristal Classic Collections -09610F,makokoya,published with no price
27390,4SH2W627238,Kristal Classic Collections -05341D,makokoya,published with no price
27400,4SH2W627238,Kristal Classic Collections -04703C,makokoya,published with no price
27410,4SH2W627238,Kristal Classic Collections -04735B,makokoya,published with no price
27420,4SH2W627238,Kristal Classic Collections -04736C,makokoya,published with no price
27430,C342CX27430,Kristal Trend Collection - 04364A,makokoya,published with no price
27440,C342CX27430,Kristal Trend Collection - 04406J,makokoya,published with no price
27482,C342CX27430,Kristal Trend Collection - 04364A,makokoya,published with no price
27488,C342CX27430,Kristal Trend Collection - 04393A,makokoya,published with no price
27494,C342CX27430,Kristal Trend Collection - 004389A,makokoya,published with no price
27500,C342CX27430,Kristal Trend Collection - 04389A,makokoya,published with no price
27506,C342CX27430,Kristal Trend Collection - 04406J,makokoya,published with no price
27513,C342CX27430,Kristal Trend Collection - 04389A,makokoya,published with no price
27519,C342CX27430,Kristal Trend Collection - 04395A,makokoya,published with no price
27525,C342CX27430,Kristal Trend Collection - 04363A,makokoya,published with no price
27531,C342CX27430,Kristal Trend Collection - 04389A,makokoya,published with no price
27537,C342CX27430,Kristal Trend Collection - 04390A,makokoya,published with no price
27543,C342CX27430,Kristal Trend Collection - 04363A,makokoya,published with no price
27549,C342CX27430,Kristal Trend Collection - 04390A,makokoya,published with no price
27555,C342CX27430,Kristal Trend Collection - 04389A,makokoya,published with no price
27561,C342CX27430,Kristal Trend Collection - 04406J,makokoya,published with no price
27567,C342CX27430,Kristal Trend Collection - 04363A,makokoya,published with no price
27573,C342CX27430,Kristal Trend Collection - 04393A,makokoya,published with no price
27637,97IUJX27637,Kristal Moyo Collections - M1,makokoya,published with no price
27691,97IUJX27637,Kristal Moyo Collections - M2,makokoya,published with no price
27703,97IUJX27637,Kristal Moyo Collections - M3,makokoya,published with no price
27715,97IUJX27637,Kristal Moyo Collections - M4,makokoya,published with no price
27727,97IUJX27637,Kristal Moyo Collections - M5,makokoya,published with no price
27739,97IUJX27637,Kristal Moyo Collections - M6,makokoya,published with no price
27751,97IUJX27637,Kristal Moyo Collections - M7,makokoya,published with no price
27764,97IUJX27637,Kristal Moyo Collections - M8,makokoya,published with no price
27776,97IUJX27637,Kristal Moyo Collections - M9,makokoya,published with no price
27788,97IUJX27637,Kristal Moyo Collections - M10,makokoya,published with no price
27800,97IUJX27637,Kristal Moyo Collections - M11,makokoya,published with no price
27812,97IUJX27637,Kristal Moyo Collections - M12,makokoya,published with no price
27824,97IUJX27637,Kristal Moyo Collections - M13,makokoya,published with no price
27836,97IUJX27637,Kristal Moyo Collections - M14,makokoya,published with no price
27848,97IUJX27637,Kristal Moyo Collections - M15,makokoya,published with no price
27860,97IUJX27637,Kristal Moyo Collections - M16,makokoya,published with no price
27872,97IUJX27637,Kristal Moyo Collections - M17,makokoya,published with no price
27884,97IUJX27637,Kristal Moyo Collections - M18,makokoya,published with no price
27896,97IUJX27637,Kristal Moyo Collections - M19,makokoya,published with no price
27908,97IUJX27637,Kristal Moyo Collections - M20,makokoya,published with no price
27947,3GPG4K27947,Kristal Merry Collection - MR259,makokoya,published with no price
27976,3GPG4K27947,Kristal Merry Collection - MR276,makokoya,published with no price
27984,3GPG4K27947,Kristal Merry Collection - MR283,makokoya,published with no price
27992,3GPG4K27947,Kristal Merry Collection - MR249,makokoya,published with no price
28000,3GPG4K27947,Kristal Merry Collection -MR273,makokoya,published with no price
28008,3GPG4K27947,Kristal Merry Collection -MR269,makokoya,published with no price
28016,3GPG4K27947,Kristal Merry Collection -MR283,makokoya,published with no price
28024,3GPG4K27947,Kristal Merry Collection -MR249,makokoya,published with no price
28033,3GPG4K27947,Kristal Merry Collection -MR267,makokoya,published with no price
28601,65V2X328298,Kristal Elite Collection -39678,makokoya,published with no price
28611,65V2X328298,Kristal Elite Collection - 39682,makokoya,published with no price
28621,65V2X328298,Kristal Elite Collection - 39682,makokoya,published with no price
28634,65V2X328298,Kristal Elite Collection - 39682,makokoya,published with no price
28644,65V2X328298,Kristal Elite Collection - 39682,makokoya,published with no price
28657,65V2X328298,Kristal Elite Collection - 39675,makokoya,published with no price
28670,65V2X328298,Kristal Elite Collection - 39675,makokoya,published with no price
28680,65V2X328298,Kristal Elite Collection - 39675,makokoya,published with no price
28692,65V2X328298,Kristal Elite Collection - 39675,makokoya,published with no price
28722,65V2X328298,Kristal Elite Collection - 39675,makokoya,published with no price
28731,65V2X328298,Kristal Elite Collection - 39675,makokoya,published with no price
28744,65V2X328298,Kristal Elite Collection - 39684A,makokoya,published with no price
28754,65V2X328298,Kristal Elite Collection - 39684,makokoya,published with no price
28764,65V2X328298,Kristal Elite Collection - 39684,makokoya,published with no price
28973,65V2X328298,Kristal Elite Collection - 39684,makokoya,published with no price
28983,65V2X328298,Kristal Elite Collection - 39679,makokoya,published with no price
28993,65V2X328298,Kristal Elite Collection - 39679,makokoya,published with no price
29009,65V2X328298,Kristal Elite Collection - 39679,makokoya,published with no price
29053,65V2X328298,Kristal Elite Collection - 39679,makokoya,published with no price
29063,65V2X328298,Kristal Elite Collection - 39679,makokoya,published with no price
29073,65V2X328298,Kristal Elite Collection - 39669,makokoya,published with no price
29094,65V2X328298,Kristal Elite Collection - 39669,makokoya,published with no price
29104,65V2X328298,Kristal Elite Collection - 39669,makokoya,published with no price
29114,65V2X328298,Kristal Elite Collection - 39677,makokoya,published with no price
29124,65V2X328298,Kristal Elite Collection - 39677,makokoya,published with no price
29134,65V2X328298,Kristal Elite Collection - 39677,makokoya,published with no price
29144,65V2X328298,Kristal Elite Collection - 39677,makokoya,published with no price
29155,65V2X328298,Kristal Elite Collection - 39662,makokoya,published with no price
29165,65V2X328298,Kristal Elite Collection - 39662,makokoya,published with no price
29175,65V2X328298,Kristal Elite Collection - 39662,makokoya,published with no price
29239,65V2X328298,Kristal Elite Collection - 39679,makokoya,published with no price
29249,65V2X328298,Kristal Elite Collection - 39679,makokoya,published with no price
29259,65V2X328298,Kristal Elite Collection - 39679,makokoya,published with no price
29269,65V2X328298,Kristal Elite Collection - 39669,makokoya,published with no price
29279,65V2X328298,Kristal Elite Collection - 39669,makokoya,published with no price
29289,65V2X328298,Kristal Elite Collection - 39669,makokoya,published with no price
29299,65V2X328298,Kristal Elite Collection - 39669,makokoya,published with no price
29309,65V2X328298,Kristal Elite Collection - 39669,makokoya,published with no price
29319,65V2X328298,Kristal Elite Collection - 39677,makokoya,published with no price
29329,65V2X328298,Kristal Elite Collection - 39677,makokoya,published with no price
29339,65V2X328298,Kristal Elite Collection - 39677,makokoya,published with no price
29349,65V2X328298,Kristal Elite Collection - 39677,makokoya,published with no price
29359,65V2X328298,Kristal Elite Collection - 39677,makokoya,published with no price
29375,65V2X328298,Kristal Elite Collection - 39670,makokoya,published with no price
29385,65V2X328298,Kristal Elite Collection - 39670,makokoya,published with no price
29399,65V2X328298,Kristal Elite Collection - 39676,makokoya,published with no price
29409,65V2X328298,Kristal Elite Collection - 39676,makokoya,published with no price
29419,65V2X328298,Kristal Elite Collection - 39676,makokoya,published with no price
29429,65V2X328298,Kristal Elite Collection - 39676,makokoya,published with no price
29439,65V2X328298,Kristal Elite Collection - 39676,makokoya,published with no price
29449,65V2X328298,Kristal Elite Collection - 39689,makokoya,published with no price
29461,65V2X328298,Kristal Elite Collection - 39689,makokoya,published with no price
29471,65V2X328298,Kristal Elite Collection - 39689,makokoya,published with no price
29481,65V2X328298,Kristal Elite Collection - 39689,makokoya,published with no price
29491,65V2X328298,Kristal Elite Collection - 39689,makokoya,published with no price
29501,65V2X328298,Kristal Elite Collection - 39689 (Copy),makokoya,published with no price
29510,65V2X328298,Kristal Elite Collection -39666,makokoya,published with no price
29520,65V2X328298,Kristal Elite Collection -39666,makokoya,published with no price
29530,65V2X328298,Kristal Elite Collection -39666,makokoya,published with no price
29542,65V2X328298,Kristal Elite Collection -39667,makokoya,published with no price
29552,65V2X328298,Kristal Elite Collection -39667,makokoya,published with no price
29562,65V2X328298,Kristal Elite Collection -39667,makokoya,published with no price
29572,65V2X328298,Kristal Elite Collection -39667,makokoya,published with no price
29582,65V2X328298,Kristal Elite Collection -39667,makokoya,published with no price
29592,65V2X328298,Kristal Elite Collection -39683,makokoya,published with no price
29602,65V2X328298,Kristal Elite Collection -39683,makokoya,published with no price
29612,65V2X328298,Kristal Elite Collection -39683,makokoya,published with no price
29622,65V2X328298,Kristal Elite Collection -39683,makokoya,published with no price
29632,65V2X328298,Kristal Elit Collection -39683,makokoya,published with no price
29683,65V2X328298,Kristal Elite Collection - 39672,makokoya,published with no price
29703,65V2X328298,Kristal Elite Collection - 39672,makokoya,published with no price
29714,65V2X328298,Kristal Elite Collection - 39672,makokoya,published with no price
29724,65V2X328298,Kristal Elite Collection - 39672,makokoya,published with no price
29734,65V2X328298,Kristal Elite Collection - 39672,makokoya,published with no price
29744,65V2X328298,Kristal Elite Collection - 39663,makokoya,published with no price
29782,65V2X328298,Kristal Elite Collection - 39663,makokoya,published with no price
29795,65V2X328298,Kristal Elite Collection - 39663,makokoya,published with no price
29806,65V2X328298,Kristal Elite Collection - 39663,makokoya,published with no price
29816,65V2X328298,Kristal Elite Collection - 39685,makokoya,published with no price
29826,65V2X328298,Kristal Elite Collection - 39685,makokoya,published with no price
29836,65V2X328298,Kristal Elite Collection - 39685,makokoya,published with no price
29846,65V2X328298,Kristal Elite Collection - 39685,makokoya,published with no price
29856,65V2X328298,Kristal Elite Collection - 39685,makokoya,published with no price
29866,65V2X328298,Kristal Elite Collection - 39681,makokoya,published with no price
29876,65V2X328298,Kristal Elite Collection - 39681,makokoya,published with no price
29886,65V2X328298,Kristal Elite Collection - 39681,makokoya,published with no price
29896,65V2X328298,Kristal Elite Collection - 39681,makokoya,published with no price
29906,65V2X328298,Kristal Elite Collection - 39674,makokoya,published with no price
29928,65V2X328298,Kristal Elite Collection - 39674,makokoya,published with no price
29939,65V2X328298,Kristal Elite Collection - 39674,makokoya,published with no price
29949,65V2X328298,Kristal Elite Collection - 39674,makokoya,published with no price
29959,65V2X328298,Kristal Elite Collection - 39678,makokoya,published with no price
29969,65V2X328298,Kristal Elite Collection - 39688,makokoya,published with no price
29995,65V2X328298,Kristal Elite Collection - 39688,makokoya,published with no price
30006,65V2X328298,Kristal Elite Collection - 39688,makokoya,published with no price
30016,65V2X328298,Kristal Elite Collection - 39688,makokoya,published with no price
30026,65V2X328298,Kristal Elite Collection - 39688,makokoya,published with no price
30036,65V2X328298,Kristal Elite Collection - 39680,makokoya,published with no price
30056,65V2X328298,Kristal Elite Collection - 39680,makokoya,published with no price
30066,65V2X328298,Kristal Elite Collection - 39680,makokoya,published with no price
30076,65V2X328298,Kristal Elite Collection - 39680,makokoya,published with no price
30086,65V2X328298,Kristal Elite Collection - 39680,makokoya,published with no price
30096,65V2X328298,Kristal Elite Collection - 39671,makokoya,published with no price
30118,65V2X328298,Kristal Elite Collection - 39671,makokoya,published with no price
30128,65V2X328298,Kristal Elite Collection - 39671,makokoya,published with no price
30138,65V2X328298,Kristal Elite Collection - 39671,makokoya,published with no price
30148,65V2X328298,Kristal Elite Collection - 39671,makokoya,published with no price
30158,65V2X328298,Kristal Elite Collection - 39673,makokoya,published with no price
30176,65V2X328298,Kristal Elite Collection - 39673,makokoya,published with no price
30186,65V2X328298,Kristal Elite Collection - 39668,makokoya,published with no price
30198,65V2X328298,Kristal Elite Collection - 39668,makokoya,published with no price
30208,65V2X328298,Kristal Elite Collection - 39668,makokoya,published with no price
30239,VA86VO30239,Kristal Faux Fur Collection - 01,makokoya,published with no price
30258,VA86VO30239,Kristal Faux Fur Collection - 02,makokoya,published with no price
30266,VA86VO30239,Kristal Faux Fur Collection - 03,makokoya,published with no price
30274,VA86VO30239,Kristal Faux Fur Collection - 04,makokoya,published with no price
30282,VA86VO30239,Kristal Faux Fur Collection - 05,makokoya,published with no price
30290,YCN5JJ30290,Kristal Royal Post Collection - 02,makokoya,published with no price
30318,YCN5JJ30290,Kristal Royal Post Collection - 01,makokoya,published with no price
30326,YCN5JJ30290,Kristal Royal Post Collection - 03,makokoya,published with no price
30334,YCN5JJ30290,Kristal Royal Post Collection - 04,makokoya,published with no price
30342,YCN5JJ30290,Kristal Royal Post Collection - 05,makokoya,published with no price
30350,YCN5JJ30290,Kristal Royal Post Collection - 06,makokoya,published with no price
30358,YCN5JJ30290,Kristal Royal Post Collection - 07,makokoya,published with no price
30366,YCN5JJ30290,Kristal Royal Post Collection - 08,makokoya,published with no price
30374,YCN5JJ30290,Kristal Royal Post Collection - 09,makokoya,published with no price
30382,RSGWMM30382,Kristal Star Collection - LLP423,makokoya,published with no price
30449,RSGWMM30382,Kristal Star Collection - LP207,makokoya,published with no price
30462,RSGWMM30382,Kristal Star Collection - LP407,makokoya,published with no price
30475,RSGWMM30382,Kristal Star Collection - LP441,makokoya,published with no price
30488,RSGWMM30382,Kristal Star Collection - LP418,makokoya,published with no price
30501,RSGWMM30382,Kristal Star Collection - LP206,makokoya,published with no price
30514,RSGWMM30382,Kristal Star Collection - LP208,makokoya,published with no price
30528,RSGWMM30382,Kristal Star Collection - LP217,makokoya,published with no price
30541,RSGWMM30382,Kristal Star Collection - LP222,makokoya,published with no price
30554,RSGWMM30382,Kristal Star Collection - LP407,makokoya,published with no price
30567,RSGWMM30382,Kristal Star Collection - LP441,makokoya,published with no price
30580,RSGWMM30382,Kristal Star Collection -LP407,makokoya,published with no price
30594,RSGWMM30382,Kristal Star Collection -LP418,makokoya,published with no price
30607,RSGWMM30382,Kristal Star Collection -LP432,makokoya,published with no price
30620,RSGWMM30382,Kristal Star Collection -LP438,makokoya,published with no price
30633,RSGWMM30382,Kristal Star Collection -LP407,makokoya,published with no price
30646,RSGWMM30382,Kristal Star Collection -LP441,makokoya,published with no price
30659,RSGWMM30382,Kristal Star Collection -LP418,makokoya,published with no price
30672,RSGWMM30382,Kristal Star Collection -LP438,makokoya,published with no price
30685,RSGWMM30382,Kristal Star Collection -LP432,makokoya,published with no price
30698,RSGWMM30382,Kristal Star Collection -LP208,makokoya,published with no price
30711,RSGWMM30382,Kristal Star Collection -LP407,makokoya,published with no price
30725,RSGWMM30382,Kristal Star Collection -LP438,makokoya,published with no price
30738,RSGWMM30382,Kristal Star Collection -LP407,makokoya,published with no price
30751,RSGWMM30382,Kristal Star Collection -LP438,makokoya,published with no price
30837,MA1XCJ30837,Kristal Royal Toilet Set - 01,makokoya,published with no price
30851,MA1XCJ30837,Kristal Royal Toilet Set - 02,makokoya,published with no price
30855,MA1XCJ30837,Kristal Royal Toilet Set - 03,makokoya,published with no price
30859,MA1XCJ30837,Kristal Royal Toilet Set - 04,makokoya,published with no price
30863,MA1XCJ30837,Kristal Royal Toilet Set - 05,makokoya,published with no price
30867,MA1XCJ30837,Kristal Royal Toilet Set - 06,makokoya,published with no price
30871,MA1XCJ30837,Kristal Royal Toilet Set - 07,makokoya,published with no price
30879,MA1XCJ30837,Kristal Royal Toilet Set - 09,makokoya,published with no price
30883,MA1XCJ30837,Kristal Royal Toilet Set - 10,makokoya,published with no price
30887,MA1XCJ30837,Kristal Royal Toilet Set - 08,makokoya,published with no price
30908,MA1XCJ30837,Kristal Antislip Toilet Set - 01,makokoya,published with no price
30922,MA1XCJ30837,Kristal Antislip Toilet Set - 02,makokoya,published with no price
30926,MA1XCJ30837,Kristal Antislip Toilet Set - 03,makokoya,published with no price
30932,MA1XCJ30837,Kristal Antislip Toilet Set - 04,makokoya,published with no price
30936,MA1XCJ30837,Kristal Antislip Toilet Set - 05,makokoya,published with no price
30942,MA1XCJ30837,Kristal Antislip Toilet Set - 06,makokoya,published with no price
30946,MA1XCJ30837,Kristal Antislip Toilet Set - 07,makokoya,published with no price
30950,MA1XCJ30837,Kristal Antislip Toilet Set - 08,makokoya,published with no price
30954,MA1XCJ30837,Kristal Antislip Toilet Set - 09,makokoya,published with no price
30958,MA1XCJ30837,Kristal Antislip Toilet Set - 10,makokoya,published with no price
31192,34H4IF31192,Palestine Cola Original,unknown,published with no price
31201,34H4IF31192,Palestine Cola No Sugar,unknown,published with no price
31242,QCNJ9531242,Table Lamp with Textured Base,unknown,published with no price
31607,XRN2I731601,50Pc Square Air Fryer Paper,unknown,published with no price
31653,5DM4VE31653,Non Stick Pan Caker Maker/Tawa,unknown,published with no price
31984,F02549-01,Circular Saw Blade - 24 Teeth,unknown,published with no price
32165,F00343,Table mat,impulse,published with no price
