name,price,qty,section
Floor Mat - Pink - Sq Design - 20x32,75.0,1.0,mats
Floor Mat - Pink - Line Design - 20x32,75.0,0.0,mats
FloorMat Striped - l/blue / Beige 21x34,100.0,1.0,mats
Floor Mat - Striped - Pink Sq Design - 36x60,100.0,1.0,mats
Floor Mat - Striped - Beige/ Green / Blue - 21 x 34,100.0,1.0,mats
Floor Mat - Striped - Blue/Beige - 21x34,100.0,1.0,mats
Floor Mat - Striped - Pink/Purple - 21x34,100.0,1.0,mats
Floor Mat - Striped - Bright Pink - 17x24 -44/65,60.0,1.0,mats
Floor Mat - Striped - Light Pink - 47x75,80.0,1.0,mats
Floor Mat - Pattern Rug - red/yellow/blue - 27x45,180.0,0.0,mats
Floor Mat - Red Checked - 21x32,80.0,1.0,mats
Floor Mat - Set 2 - Light Blue - 40x50 + 50x80,150.0,0.0,mats
Toilet Mat Set - Pebble Grey Thick - 80x49,195.0,0.0,mats
Toilet Mat Set - Floral Blue / Yellow/ Orange Thick - 80x49,195.0,0.0,mats
Toilet Mat Set - Beach Vibes - 80x49 - Thick,195.0,1.0,mats
Toilet Mat Set - Sleeptime Moon - 80x 49 Thick,195.0,1.0,mats
Toilet Mat Set - Light Blue - sea shell star - Thin - 70x45,125.0,1.0,mats
Toilet Mat Set - Red - Striped - Thin - 70x45,125.0,1.0,mats
Toilet Mat Set - Grey Star - Thin - 70x45,125.0,1.0,mats
Toilet Mat Set - Pebble - Thin - 70x45,125.0,1.0,mats
Toilet Mat Set - Blue Design - Thin - 70x45,125.0,0.0,mats
Toilet Mat Set - wood - Thin - 70x45,125.0,0.0,mats
